,DOGE-USD,XRP-USD,BTC-USD,ETC-USD,XLM-USD,ADA-USD,DASH-USD,TRX-USD,ETH-USD,BNB-USD,LTC-USD,BCH-USD,EOS-USD,NEO-USD,USDT-USD,XMR-USD,MIOTA-USD,XTZ-USD,XEM-USD
06-20-20,169917761.0,893641269.0,15324301169.0,508650064.0,329921806.0,151949751.0,275515162.0,912842172.0,5600408178.0,151504787.0,1362753187.0,1140422501.0,1079575379.0,307723824.0,18590123868.0,60392361.0,10420762.0,70563395.0,11632685.0
06-21-20,173530825.0,1209278721.0,21104009514.0,561565050.0,414440267.0,202271174.0,278429245.0,785970254.0,9079586552.0,181943736.0,1659721584.0,1747834935.0,1344062923.0,369754221.0,25901068733.0,82556416.0,13208093.0,86427173.0,11880568.0
06-22-20,171604774.0,1093605185.0,17006433272.0,551108487.0,377047281.0,184078790.0,318605417.0,782289505.0,6624530348.0,165960947.0,1365925951.0,1205235951.0,1080367867.0,362250215.0,21481732223.0,85517277.0,13464147.0,124142617.0,9729094.0
06-23-20,178380748.0,1138044691.0,18961716076.0,526968781.0,372491015.0,302220209.0,268137797.0,586064620.0,8815030025.0,168239834.0,1493695398.0,1318424526.0,1339866596.0,357164470.0,25367004473.0,72674399.0,11591133.0,123144383.0,9609359.0
06-24-20,160003354.0,1055030012.0,18616048626.0,435301522.0,331356547.0,207010908.0,200313209.0,514058865.0,7010426122.0,143049947.0,1311840193.0,1119333309.0,1097051183.0,301842773.0,21617089198.0,68046486.0,10988700.0,96155213.0,8894021.0
06-25-20,151319087.0,1269492277.0,18341465837.0,444438720.0,314879213.0,163378517.0,189178540.0,536770368.0,7187490226.0,136599245.0,1714646169.0,1354186233.0,1461058042.0,284410047.0,22595324560.0,63054728.0,10215809.0,117403819.0,6904051.0
06-26-20,152534000.0,1142888783.0,17273093144.0,534396395.0,283951205.0,148184221.0,191819541.0,579087365.0,6918380955.0,152435707.0,1453347400.0,1254377553.0,1484900423.0,296221949.0,22069989504.0,61079906.0,11404281.0,97311609.0,7745043.0
06-27-20,172693834.0,1139431604.0,14560870760.0,462999765.0,220022782.0,188871401.0,187749041.0,524320333.0,6205925718.0,159817886.0,1337385786.0,1103240861.0,1149400723.0,277851495.0,18015458533.0,54082128.0,10058052.0,77570461.0,5520094.0
06-28-20,172655788.0,1164729579.0,16460547078.0,533800507.0,291925173.0,275593607.0,210228706.0,715965924.0,6726164653.0,167963469.0,1668680719.0,1220387625.0,1210910579.0,280837180.0,20201360245.0,63712363.0,11217001.0,70431090.0,5158919.0
06-29-20,165641131.0,1010363683.0,15735797744.0,433251874.0,289552123.0,208687716.0,192582138.0,670713846.0,6094093001.0,151582461.0,1390313389.0,1035300969.0,931091007.0,211748739.0,18926019120.0,64386025.0,14073488.0,59282212.0,6841978.0
06-30-20,152549214.0,1115989502.0,15971550355.0,446564362.0,316808164.0,411496624.0,222432902.0,691472812.0,6463737443.0,159837869.0,1220528740.0,1116192161.0,1076905668.0,212800588.0,20410901924.0,64478705.0,14935841.0,66019108.0,5707919.0
07-01-20,110789127.0,1053683055.0,16338916796.0,423367188.0,290632981.0,416119936.0,185441797.0,784497063.0,6212210566.0,151839908.0,1339074369.0,1091433602.0,1025776231.0,175906285.0,21713824216.0,95975517.0,12881702.0,61680738.0,5210267.0
07-02-20,111575143.0,976699960.0,13078970999.0,373323476.0,204165764.0,449087829.0,177265307.0,585485001.0,5109032700.0,138591561.0,1122905126.0,945457250.0,1060283792.0,155216023.0,17207532375.0,85530135.0,11277788.0,63783458.0,6174154.0
07-03-20,109218071.0,1000145449.0,12290528515.0,409246657.0,218498800.0,325220890.0,177759738.0,640532541.0,5228310135.0,146316736.0,1173145659.0,990572133.0,1014696747.0,162747750.0,16834529314.0,68098224.0,15916529.0,55791860.0,4930261.0
07-04-20,110140542.0,969679447.0,12903406143.0,436857863.0,202429385.0,262132088.0,174233784.0,649642721.0,5292172429.0,138494209.0,1170070065.0,1008979533.0,1006404927.0,184756291.0,18453609716.0,76099632.0,16410802.0,62053180.0,6275032.0
07-05-20,132105139.0,1423923826.0,17889263252.0,630686359.0,279337235.0,336062177.0,249772267.0,1023605276.0,8782917553.0,172232440.0,1743603778.0,1611378435.0,1650951585.0,236715870.0,28513816011.0,74125362.0,18120627.0,89838422.0,6296083.0
07-06-20,283970310.0,1067033698.0,13839652595.0,627000193.0,257005980.0,575537074.0,205319158.0,703321313.0,6441497597.0,196296818.0,1360983976.0,1177038173.0,1160179660.0,213585229.0,20262759503.0,55858559.0,13774567.0,116457681.0,6732028.0
07-07-20,1226813925.0,1878269321.0,19702359883.0,701385528.0,471290003.0,1161107598.0,245466268.0,766932917.0,9892586411.0,212383912.0,2161892498.0,1394567310.0,1697062548.0,289682938.0,28520237097.0,88617288.0,23152366.0,126531532.0,10945947.0
07-08-20,511315527.0,1809158571.0,18000702524.0,874499722.0,845893278.0,659099389.0,230587530.0,807804060.0,8429099199.0,179705380.0,1985305536.0,1232428952.0,1500819023.0,251174576.0,24559681375.0,93161220.0,22938495.0,115332454.0,15692613.0
07-09-20,225424869.0,1161794555.0,16860035605.0,624332622.0,529828870.0,513272164.0,215809506.0,572487095.0,7281370522.0,174222029.0,1840301462.0,1123218900.0,1185884832.0,232407571.0,19416307998.0,95885590.0,16963394.0,96190047.0,9656730.0
07-10-20,155299369.0,996288334.0,13249910444.0,559981464.0,604044703.0,393237279.0,212586380.0,497162339.0,5643067316.0,186743534.0,1764984238.0,839280887.0,926884552.0,245187858.0,16806691103.0,89142317.0,14028437.0,147502448.0,8058462.0
07-11-20,87562043.0,850245455.0,14452361907.0,492359785.0,382865014.0,340033778.0,252628320.0,427938227.0,6596394718.0,224015851.0,1598865182.0,896740451.0,982699897.0,204663086.0,18560508406.0,93942131.0,15209896.0,173178789.0,7488192.0
07-12-20,143177055.0,1197056593.0,17519821266.0,560726589.0,389748252.0,553867759.0,293958153.0,496850309.0,7787751468.0,261690866.0,1724704950.0,1208729132.0,1342425176.0,247490495.0,23293356124.0,87455836.0,20111914.0,411310595.0,9091934.0
07-13-20,103213409.0,1197284578.0,18085038362.0,577979368.0,305049008.0,449379997.0,240563632.0,440691747.0,7357458555.0,203397123.0,1882872130.0,1138634120.0,1295225304.0,216400091.0,21927614040.0,67807825.0,16417155.0,251503669.0,9006166.0
07-14-20,69399827.0,1067413757.0,15844731575.0,578896464.0,391047540.0,292680349.0,188535300.0,381803426.0,6189328448.0,169152686.0,1809900342.0,997085718.0,1229856933.0,241189204.0,19801020732.0,97547877.0,13835099.0,300281072.0,7919147.0
07-15-20,78457844.0,1055841762.0,15713967523.0,636508435.0,505630696.0,423824352.0,191501966.0,407189009.0,5832057567.0,191191483.0,1543731673.0,1147931868.0,1315835446.0,209882278.0,20174060342.0,85426392.0,15817182.0,380406590.0,9480168.0
07-16-20,74705371.0,936113620.0,13944570749.0,549806440.0,505735318.0,231984863.0,160183850.0,321094831.0,5859850529.0,153498441.0,1336746650.0,941024161.0,950656644.0,158743421.0,16824229378.0,51519232.0,11522044.0,186924039.0,6763745.0
07-17-20,204080851.0,870207693.0,12252601475.0,463666673.0,266646100.0,221333950.0,137278614.0,313414180.0,5397402117.0,149402466.0,1141296421.0,869975905.0,860317780.0,157821212.0,15430964635.0,52913522.0,9923059.0,164183772.0,29310102.0
07-18-20,116746163.0,828392852.0,12939002784.0,471087490.0,215208318.0,159010744.0,140099725.0,335531450.0,6251377305.0,213342724.0,1140767149.0,955372849.0,1128667004.0,151392681.0,16068695380.0,49400376.0,12585531.0,122426954.0,24654492.0
07-19-20,81038624.0,848780531.0,13755604146.0,494239655.0,238907306.0,176280626.0,147100704.0,339773905.0,5600686192.0,203143854.0,1152077279.0,952296138.0,1171151594.0,160489697.0,16920167824.0,55897246.0,18557262.0,131836409.0,14203934.0
07-20-20,77748189.0,928954951.0,18069581956.0,536241008.0,222225815.0,208927329.0,189232012.0,361737984.0,6806696015.0,187854335.0,1384220462.0,1159452662.0,1226905731.0,273392782.0,22047241258.0,70450705.0,25213659.0,155225484.0,12511110.0
07-21-20,54443238.0,935529987.0,16532254884.0,550582710.0,188477646.0,157853191.0,213909382.0,321816294.0,7702077383.0,191909868.0,1383704376.0,1234729239.0,1247440460.0,235753231.0,21007802308.0,62044445.0,22365146.0,126518487.0,11710223.0
07-22-20,58737115.0,1443659224.0,18146399002.0,623580969.0,259146414.0,201587814.0,220215358.0,383109394.0,10281309262.0,220207323.0,1775727714.0,1350739708.0,1417252200.0,245506345.0,24897129948.0,82557920.0,21497810.0,170069172.0,12528349.0
07-23-20,58910215.0,1294356195.0,16552768325.0,564877717.0,221044089.0,198707995.0,220406740.0,387143586.0,9466060358.0,248008823.0,1620747746.0,1193524031.0,1292901834.0,245456357.0,22338273101.0,73201966.0,17449911.0,144067871.0,15496691.0
07-24-20,63203396.0,1225769666.0,16610070933.0,691476129.0,237008047.0,630341416.0,234087037.0,425724567.0,10785021813.0,257057785.0,2433671618.0,1648365419.0,1616310906.0,217249810.0,25077707687.0,60151560.0,16421658.0,128872045.0,8755426.0
07-25-20,62592233.0,1448138807.0,20507998997.0,738583538.0,328857055.0,743098554.0,281511012.0,456539888.0,12003973026.0,248581857.0,2587129920.0,1674308833.0,1804564879.0,235710938.0,28852807826.0,86834241.0,19108400.0,153418589.0,13076541.0
07-26-20,83138808.0,1762737985.0,35359749590.0,1204981144.0,347516202.0,745732008.0,360494267.0,570027398.0,15644257058.0,325386899.0,3397559596.0,2488636345.0,2596598127.0,366814833.0,44309144839.0,119661660.0,26968286.0,267560520.0,15193861.0
07-27-20,63084930.0,1754695828.0,28766551142.0,1079244852.0,298863222.0,638080214.0,318375048.0,548888124.0,12357108065.0,284409544.0,3293197775.0,2732696107.0,2516881096.0,305615652.0,37054214114.0,133640096.0,23879021.0,158332704.0,12550211.0
07-28-20,55817191.0,2022835116.0,24617249715.0,923782910.0,241946098.0,451915307.0,324260579.0,561417584.0,10878845706.0,204440432.0,2572759911.0,1920329028.0,2339032886.0,239367040.0,31945080196.0,93331670.0,21997988.0,135216954.0,11686078.0
07-29-20,53506822.0,1650758400.0,22857247901.0,851785157.0,180339488.0,257573327.0,250240023.0,465222604.0,11827689045.0,200436410.0,3015740898.0,1910379360.0,1995862816.0,191859692.0,30145197612.0,72088890.0,35256665.0,102353935.0,9328048.0
07-30-20,54497306.0,1854522560.0,23160469766.0,911572840.0,176835286.0,230659122.0,266395053.0,472882523.0,12030600492.0,229781080.0,2461431454.0,1905797789.0,1924546686.0,222960574.0,31216575237.0,77343250.0,20238034.0,109436571.0,10657158.0
07-31-20,150687884.0,3167874461.0,26075670303.0,1106870390.0,400852491.0,362476707.0,472450068.0,625808106.0,14045259477.0,264604008.0,3124975567.0,2447916240.0,2513497240.0,361103260.0,36596724667.0,111518764.0,25058192.0,172314235.0,17959958.0
08-01-20,101249531.0,4780736538.0,27410067336.0,1219211807.0,499258062.0,421324885.0,449660070.0,764416764.0,18909744275.0,299350525.0,3499183526.0,3364496979.0,3543069424.0,316352119.0,43620863810.0,125411756.0,30405121.0,249982954.0,25850703.0
08-02-20,66931510.0,3340814994.0,20271713443.0,854381374.0,307978252.0,248378862.0,332810226.0,530532808.0,12834648062.0,265708949.0,2250487587.0,2060352679.0,1957244385.0,237647861.0,29956228167.0,98801252.0,20208659.0,190598020.0,15377251.0
08-03-20,74386428.0,2746437659.0,21250197042.0,755847370.0,322228936.0,376096013.0,256984183.0,535229652.0,14086704221.0,241931958.0,2088598738.0,1888924124.0,1917603813.0,201039451.0,32423781475.0,85392513.0,18300285.0,284036870.0,13080960.0
08-04-20,66465690.0,2048410252.0,24411254471.0,711927892.0,236900060.0,274829819.0,370531018.0,472602438.0,12875466638.0,344072749.0,2144590019.0,1871748593.0,1776068900.0,212642928.0,33191883907.0,80729377.0,15996753.0,161304037.0,11487757.0
08-05-20,62944678.0,1946386689.0,23400740340.0,778677628.0,217021091.0,278613533.0,621631646.0,450623907.0,11304626458.0,246554661.0,2241049269.0,2448845324.0,2103644595.0,235371147.0,32564418808.0,116231184.0,24154818.0,208842704.0,24086094.0
08-06-20,68990009.0,4278382957.0,23132312867.0,932695027.0,425365420.0,620550178.0,520518652.0,800831329.0,12751687084.0,326409994.0,2756992175.0,3075582968.0,2948024705.0,526378769.0,35097319459.0,216791739.0,26070062.0,213195512.0,60524499.0
08-07-20,62509900.0,1355768291.0,17572057837.0,637807950.0,179081363.0,325527431.0,355970818.0,396763867.0,9342060531.0,236392685.0,1726820323.0,1778961459.0,1658324422.0,210311618.0,25836510740.0,67833222.0,22484745.0,225885661.0,12195514.0
08-08-20,57020040.0,1391288259.0,17489608833.0,711013786.0,219371826.0,426878184.0,314807530.0,383920387.0,9451065592.0,216694610.0,1601010110.0,1629018370.0,1605604936.0,221957306.0,26113895986.0,68854565.0,36848623.0,342620805.0,13482252.0
08-09-20,68038181.0,2108627560.0,26114112569.0,744754117.0,235437880.0,311836535.0,306005369.0,596055237.0,11685827893.0,239664308.0,2247183310.0,1900620718.0,2882321248.0,436597134.0,36347245628.0,89731157.0,44262826.0,525009907.0,14008336.0
08-10-20,78539442.0,4542499150.0,27039782640.0,772362352.0,531368379.0,595072471.0,366385092.0,806259540.0,12792218737.0,310846749.0,2754950222.0,2096741327.0,2986817654.0,563509492.0,39924390806.0,167105849.0,80318199.0,546232328.0,49514025.0
08-11-20,70865885.0,2001506679.0,25064548486.0,670533879.0,223009012.0,434540367.0,353623728.0,477942729.0,12408772745.0,256078366.0,2450391467.0,1888602267.0,2355373645.0,329256715.0,38419235281.0,69702889.0,45902198.0,542700999.0,13349311.0
08-12-20,73302994.0,2061442814.0,27522199497.0,710580436.0,231325307.0,470617782.0,325340592.0,771131136.0,18480303526.0,299981376.0,2843622469.0,1979906897.0,2530322368.0,346049328.0,45360887997.0,84264770.0,37128930.0,457809394.0,10760600.0
08-13-20,61334640.0,2246050523.0,24237958589.0,656398497.0,269518943.0,355732407.0,307708892.0,1078753054.0,15064589987.0,357386067.0,2476128674.0,1873594486.0,2929453441.0,363039539.0,38417750789.0,92896330.0,33308616.0,278165303.0,9632437.0
08-14-20,64309678.0,2260353636.0,23354924400.0,786821353.0,258271148.0,343504348.0,323844514.0,836345615.0,12416067894.0,269746412.0,3063536363.0,1976925925.0,5115996830.0,301749015.0,38681122091.0,76569014.0,41108430.0,338468043.0,10023465.0
08-15-20,52637926.0,2078824448.0,20583375490.0,769055730.0,286171648.0,284566480.0,265020922.0,1128912475.0,12168816874.0,271264839.0,3595771595.0,2025998808.0,4778869235.0,293764097.0,35603319606.0,64177487.0,34278793.0,284937976.0,15713498.0
08-16-20,77628715.0,3001054633.0,28227687027.0,802217402.0,419680340.0,425628203.0,374580441.0,1342730121.0,13227089410.0,264606385.0,3997651594.0,2314759458.0,3771695207.0,418282962.0,43047212745.0,83192011.0,28424482.0,229654914.0,36811158.0
08-17-20,62570291.0,2126503478.0,26043227672.0,863281171.0,256529526.0,340692991.0,273893768.0,1708225951.0,11978984079.0,259152684.0,3627257060.0,1935254637.0,2998442461.0,359768514.0,40873174066.0,119998363.0,29222321.0,260614843.0,39002395.0
08-18-20,53306857.0,2163768928.0,24502851117.0,752855503.0,252993404.0,383288760.0,284015246.0,1532284594.0,13137391167.0,224754805.0,3345972244.0,1892818478.0,3371693790.0,353834519.0,40666046435.0,109367601.0,29519169.0,381949536.0,23832281.0
08-19-20,43536656.0,1749934412.0,20175242945.0,552303520.0,199755664.0,314037834.0,204144747.0,925062330.0,10043032427.0,240389084.0,2801314591.0,1275491257.0,2367650770.0,387346564.0,32746471325.0,153441643.0,22224044.0,305749013.0,16727039.0
08-20-20,60621268.0,1833818566.0,23762425999.0,613628634.0,267403132.0,363034924.0,302272083.0,901541907.0,11781796374.0,245533836.0,2911090515.0,1676078293.0,3522494003.0,662932816.0,41215985711.0,173157306.0,50773913.0,287391404.0,32799059.0
08-21-20,44884852.0,1417207522.0,20224191306.0,584249050.0,206985739.0,296099194.0,213957533.0,871932825.0,10131847985.0,208053381.0,2317942996.0,1270186095.0,2362958020.0,633241903.0,32892342495.0,96380021.0,28412051.0,229620599.0,38151541.0
08-22-20,39485548.0,1183627267.0,18482062658.0,546905153.0,162138541.0,232234230.0,197719136.0,559951529.0,8137303970.0,181970641.0,2315616100.0,1031635458.0,1814438208.0,441523289.0,29187550605.0,69274694.0,18529822.0,172850688.0,66171770.0
08-23-20,46470522.0,1237229520.0,20681511755.0,552674423.0,170036740.0,278021260.0,193938722.0,562364027.0,10328860398.0,192633739.0,2490426542.0,1211774706.0,1971274605.0,391584046.0,31794835157.0,81919624.0,18649652.0,233005843.0,55076100.0
08-24-20,76826314.0,1403395912.0,26301509932.0,612092126.0,226110548.0,431857369.0,302784936.0,660656192.0,12428442042.0,234877041.0,2625416624.0,1464994914.0,2496895800.0,662857960.0,42567672036.0,105150068.0,35224688.0,249600095.0,82492801.0
08-25-20,80416711.0,1194610015.0,22466660958.0,584905070.0,235648983.0,314761939.0,298266221.0,584388284.0,9967343483.0,255812854.0,2067102732.0,1147215569.0,1929872365.0,782546737.0,37126595563.0,89871232.0,36720578.0,204399531.0,73256450.0
08-26-20,89847093.0,1471948899.0,23240415076.0,686461970.0,251313087.0,361935074.0,320763922.0,656715523.0,10457777652.0,296206828.0,2212235187.0,1372140072.0,2212925741.0,847481772.0,38341362890.0,101423062.0,41565967.0,236563338.0,67355568.0
08-27-20,64056957.0,1178427813.0,19807127588.0,612795217.0,185494720.0,275672160.0,262078660.0,563814715.0,9120674421.0,260086579.0,2206041301.0,1147885582.0,1997932349.0,643963972.0,31740187752.0,116665533.0,29829438.0,157445156.0,76379931.0
08-28-20,78149363.0,1053592719.0,17485597759.0,614938597.0,176461129.0,315465776.0,230804716.0,548310637.0,8777703481.0,213897145.0,2006047086.0,1116848741.0,1655796056.0,1283333209.0,31070541135.0,103879637.0,30110552.0,167076368.0,234452468.0
08-29-20,79325829.0,1202203314.0,19760127945.0,687597705.0,194696528.0,297044001.0,277927374.0,907256920.0,11211948040.0,228141192.0,2759602454.0,1161105104.0,1877220419.0,1450491985.0,36153398644.0,113688927.0,32702205.0,157757544.0,296780177.0
08-30-20,85369757.0,1209798563.0,22285928250.0,539993003.0,200377295.0,453559242.0,244856908.0,1169223528.0,12774741797.0,215511200.0,2561891272.0,1163683245.0,1818966406.0,877057528.0,37949635827.0,104051391.0,32321713.0,153954445.0,164357255.0
08-31-20,81863764.0,1730740377.0,27311555343.0,654830012.0,261417048.0,451299015.0,343476338.0,2177409507.0,18862763756.0,450200844.0,2717986649.0,1755312158.0,2683850445.0,993813266.0,49809584105.0,128552757.0,40442437.0,213344459.0,249266584.0
09-01-20,56647412.0,1985414445.0,28037405299.0,629725612.0,270916414.0,427391907.0,325340581.0,4058694827.0,19691854014.0,577817197.0,2790169260.0,2049397876.0,3355126447.0,592770351.0,52855722597.0,132175687.0,32809903.0,272620179.0,136981334.0
09-02-20,59904548.0,1847290355.0,31927261555.0,682999663.0,278190195.0,486369863.0,311969736.0,6184131222.0,19622845896.0,574956638.0,2765272845.0,1891347861.0,3101892961.0,490096919.0,57562780194.0,140380810.0,30711728.0,294580604.0,136878717.0
09-03-20,53434717.0,1924234480.0,29965130374.0,1057957439.0,299460315.0,514623980.0,354077024.0,5318358918.0,16747106257.0,489923568.0,2851271830.0,2130928347.0,5253038602.0,507832659.0,55525478963.0,149075409.0,30547219.0,295571097.0,143656637.0
09-04-20,62295889.0,2160621038.0,44916565292.0,959438111.0,227987351.0,481176027.0,302143280.0,3631605784.0,29880047640.0,399969033.0,2831766570.0,3128814772.0,5652060836.0,669070430.0,78154159842.0,259444708.0,22343226.0,369123395.0,133528573.0
09-05-20,89557154.0,1752405005.0,37071460174.0,653562868.0,198268220.0,454580262.0,254709380.0,3126107645.0,27643678917.0,740680573.0,2075916067.0,2533324540.0,3139720799.0,560823146.0,66315625008.0,215200059.0,19908751.0,256282107.0,127272657.0
09-06-20,102610335.0,1773175897.0,33703098409.0,729376600.0,163474090.0,463220962.0,362283861.0,2401424526.0,21763614732.0,555588378.0,2235340013.0,2767464423.0,3096956227.0,783954342.0,59139010478.0,243693290.0,16143255.0,237979550.0,98245461.0
09-07-20,57144396.0,1618416970.0,33430927462.0,1008973015.0,149705922.0,610082647.0,338941249.0,3157190949.0,17991403432.0,555422363.0,2314205963.0,2444380275.0,2652161786.0,827408571.0,56334310286.0,294622244.0,18009225.0,237521903.0,54375675.0
09-08-20,77050464.0,1203137131.0,24128292755.0,915539324.0,118253396.0,572617714.0,203152467.0,2334257138.0,14547933520.0,456284484.0,1828181736.0,1619487057.0,1910271632.0,727026328.0,42234198845.0,192100834.0,11237797.0,184328871.0,41856953.0
09-09-20,104276032.0,1353359148.0,54406443211.0,941957394.0,161477831.0,809239667.0,13867464165.0,2259381039.0,31421134556.0,456365135.0,2001211524.0,2007978798.0,2215922130.0,843038071.0,52111960702.0,26710283019.0,12792219.0,200173000.0,47592204.0
09-10-20,134077501.0,1096662166.0,45201121775.0,1099058524.0,142072516.0,771197364.0,13206239580.0,2419591539.0,27296269329.0,420689466.0,1835173089.0,1769308088.0,1952044646.0,1193567881.0,46009434500.0,20874120674.0,11405052.0,187683931.0,35809486.0
09-11-20,117125272.0,1043746083.0,36750077324.0,744301331.0,130594675.0,699214253.0,14082288712.0,2301374668.0,13295405814.0,688007352.0,1588978329.0,1588108882.0,1684800439.0,1068944035.0,43506381696.0,209387764.0,9173265.0,172731455.0,37420298.0
09-12-20,124253232.0,1163182194.0,36506852789.0,674335392.0,140385591.0,771663333.0,13822922696.0,2416138366.0,15005899191.0,1144638251.0,1785910878.0,2008902148.0,1956722067.0,999879094.0,46330693824.0,28959121742.0,12018681.0,230732356.0,58462309.0
09-13-20,128520946.0,1195994290.0,35453581940.0,688824616.0,150757355.0,851692144.0,6764861637.0,2776982500.0,17536695361.0,1009392260.0,1786276098.0,2125300854.0,1977781254.0,1095344442.0,49936255991.0,524965378.0,9677014.0,181332731.0,36955968.0
09-14-20,100194174.0,1245531094.0,32509451925.0,771249844.0,168607726.0,813329601.0,303150473.0,3079049243.0,16140584321.0,861821910.0,1663112038.0,3148522136.0,1860615702.0,1116525154.0,49718173930.0,532663423.0,8309017.0,196681904.0,37845649.0
09-15-20,148555505.0,1421286455.0,30769986455.0,663689104.0,183746302.0,822410832.0,289772804.0,3463620542.0,16107612177.0,664539530.0,1674030602.0,2513150071.0,2198598029.0,1108185833.0,50682289026.0,502022873.0,7413878.0,187246376.0,42213386.0
09-16-20,161305349.0,1735400721.0,38151810523.0,572999419.0,154219419.0,825621808.0,313200144.0,2801521792.0,19899531080.0,512578971.0,1701721113.0,2356975266.0,1859195680.0,1201289149.0,51695424541.0,487697605.0,8055321.0,155785199.0,41858169.0
09-17-20,147868185.0,1282349756.0,26341903912.0,585843660.0,110248244.0,699241251.0,309323622.0,3523907328.0,14108357740.0,482149967.0,1135775840.0,1967062407.0,1610862383.0,1208325976.0,47248825663.0,435978522.0,8525936.0,153137960.0,55946756.0
09-18-20,147046520.0,1043485055.0,22764204008.0,491693943.0,102880672.0,617795834.0,321273259.0,2897389598.0,11049507684.0,331216806.0,961716690.0,1761438254.0,1504818954.0,904395116.0,37361830219.0,485295626.0,5032435.0,148653832.0,47611901.0
09-19-20,145951917.0,1091283585.0,24699523788.0,602081639.0,101725308.0,682896131.0,314553225.0,2760499756.0,12292195784.0,343197520.0,1033913350.0,1665443818.0,1494188483.0,1179967293.0,39841903146.0,493090147.0,8422417.0,156962844.0,30763276.0
09-20-20,78753428.0,1718957623.0,28884999244.0,941205369.0,124951989.0,566692194.0,339693582.0,3377753024.0,17398267133.0,462503299.0,1923483523.0,1708443759.0,1987577753.0,1295549367.0,51961935426.0,478896181.0,12456024.0,238763507.0,48007850.0
09-21-20,36467574.0,1019583831.0,23621787804.0,743445295.0,108176092.0,316907647.0,293589381.0,1948134714.0,12732578043.0,340023558.0,1078696494.0,987166460.0,1601210582.0,780984727.0,38413876677.0,407803150.0,7562523.0,163015986.0,26782703.0
09-22-20,29993627.0,1011343441.0,22986733997.0,673732019.0,115234143.0,294814765.0,269346128.0,2053309531.0,12047020995.0,306156084.0,1330940959.0,955711724.0,1380074100.0,846568356.0,36739811272.0,389580914.0,7947388.0,147111267.0,24442076.0
09-23-20,30967522.0,1316129692.0,23017536742.0,482576369.0,139546919.0,373385376.0,296822631.0,921059868.0,13460565701.0,334899570.0,1129884292.0,974113730.0,1546078910.0,696909813.0,37248150301.0,416845892.0,5950890.0,127817155.0,24906000.0
09-24-20,39515148.0,1389150295.0,21232549821.0,377619132.0,164765497.0,657875487.0,293467987.0,1793239955.0,12254269350.0,314771614.0,1159558918.0,923925188.0,1685425911.0,863550552.0,35285620791.0,417376886.0,8571439.0,121013717.0,26767955.0
09-25-20,36770554.0,1176448176.0,18105012128.0,535473245.0,119871709.0,438309287.0,298621240.0,1564059129.0,11036752997.0,341846108.0,1001047365.0,936709143.0,1491540424.0,587924270.0,30862279525.0,365115411.0,5875149.0,106343294.0,33065864.0
09-26-20,24673035.0,990209623.0,18016880214.0,559874336.0,116260361.0,495061617.0,284471075.0,1528014706.0,11464393949.0,307235511.0,995464294.0,1130247800.0,1436606329.0,505963063.0,29966648691.0,503799981.0,6051691.0,100319529.0,29936426.0
09-27-20,35610656.0,1312887582.0,22720365389.0,452843055.0,132079368.0,573226386.0,296838687.0,1390222335.0,12102509266.0,367437239.0,1157658930.0,1422003212.0,1675478586.0,590927629.0,35171797337.0,445573860.0,10555831.0,126374757.0,23584516.0
09-28-20,36596920.0,1244211927.0,20459870042.0,344764940.0,119672763.0,450401208.0,286638250.0,979476755.0,10286529445.0,428302897.0,985360576.0,1071794544.0,1395943907.0,520040456.0,31247725836.0,506018027.0,8124252.0,108454816.0,21600994.0
09-29-20,32195544.0,1161931498.0,20759622010.0,310144532.0,118117386.0,396298082.0,266434156.0,919851651.0,9773649426.0,398597227.0,1107615079.0,1055011384.0,1376948548.0,502843235.0,29250499357.0,615469015.0,9809153.0,106358108.0,25582004.0
09-30-20,35974208.0,1290732679.0,27178227816.0,327824279.0,155657917.0,499813017.0,322315255.0,1016395919.0,12360670278.0,433273407.0,1537701155.0,1316717680.0,1578334758.0,517864276.0,36294182856.0,791151812.0,10928975.0,126415925.0,29563342.0
10-01-20,46978131.0,1449826826.0,23127839259.0,371249821.0,157133885.0,602540074.0,316746526.0,1065863557.0,12946215647.0,451282263.0,1802776660.0,1430714877.0,1620076251.0,485162439.0,36941185880.0,709202907.0,14224838.0,141246377.0,30033949.0
10-02-20,28617216.0,853442733.0,17094010304.0,418614124.0,106056272.0,334059453.0,247684479.0,1336234161.0,8599594017.0,348883342.0,1136535215.0,785032604.0,1139162512.0,345896448.0,23906096319.0,532388482.0,13076315.0,89222658.0,21454425.0
10-03-20,31175662.0,1481572450.0,17546792792.0,571930311.0,109200107.0,482409858.0,257438491.0,1110570179.0,9308536486.0,352002553.0,1212072761.0,891670097.0,1430002805.0,340560135.0,24556398344.0,607894191.0,6870609.0,95035975.0,18364352.0
10-04-20,28690532.0,1739237137.0,19385191766.0,453329673.0,130542568.0,432817916.0,258357259.0,968479716.0,9933790982.0,303807994.0,1370928815.0,852614530.0,1295968321.0,371940881.0,26818936476.0,689140282.0,6817409.0,88497831.0,31699695.0
10-05-20,31952344.0,2633330450.0,22264958686.0,501350214.0,159638368.0,783688998.0,309527914.0,1112896030.0,11497841885.0,349841520.0,1898987866.0,1414548623.0,4509434165.0,511618485.0,36772723041.0,742907187.0,10193930.0,145996245.0,29571990.0
10-06-20,43259079.0,1486567165.0,17634388529.0,364875525.0,131878153.0,420412930.0,261529515.0,841930648.0,10537119715.0,282017891.0,1261306261.0,975538933.0,2509635112.0,380265314.0,28509871425.0,898531165.0,6892883.0,121254110.0,20503907.0
10-07-20,43957899.0,1584042829.0,21962121001.0,398787359.0,130094183.0,457557891.0,278064338.0,977804405.0,11511016796.0,304551407.0,1445771028.0,1517227962.0,2109857244.0,397883893.0,33458865269.0,762674308.0,6596036.0,128463653.0,22627249.0
10-08-20,,,,,,,,,,,,,,,,,,,
10-09-20,96632426.0,1957706164.0,22877978588.0,514817451.0,145849675.0,923715999.0,441928950.0,1436858808.0,13618484324.0,426434526.0,2781995604.0,1900960677.0,2228390630.0,382818959.0,41298643279.0,732827430.0,15105977.0,167114271.0,30435593.0
10-10-20,107632465.0,1851962086.0,19968627060.0,458773819.0,120268596.0,797480086.0,491531126.0,1114292998.0,12584512533.0,408482939.0,2601103257.0,1819533632.0,1939650803.0,315804818.0,36190854082.0,823937833.0,20521833.0,152221236.0,23422233.0
10-11-20,,,,,,,,,,,,,,,,,,,
10-12-20,,,,,,,,,,,,,,,,,,,
10-13-20,87293434.0,1954936434.0,24103426719.0,602199143.0,120454176.0,713264193.0,342336093.0,1135266066.0,13918846567.0,460297911.0,2213563866.0,2389412354.0,1826338183.0,391049124.0,42676684541.0,508090170.0,10892440.0,171394350.0,27074637.0
10-14-20,83794207.0,1652788747.0,24487233058.0,505312350.0,115219952.0,562197282.0,423287274.0,1067720847.0,14964182545.0,504135680.0,2340485565.0,2590009260.0,1667201179.0,392253275.0,40681227712.0,854391077.0,9229519.0,136451969.0,25686830.0
10-15-20,117882236.0,1656312547.0,25635480772.0,620883094.0,160931240.0,553561875.0,421973716.0,1076494690.0,14670784817.0,546849696.0,2331529601.0,3025371472.0,2184245041.0,377351672.0,42355198410.0,809567247.0,8621259.0,131137575.0,27514993.0
10-16-20,125692391.0,1173505925.0,19130430174.0,610272085.0,268590382.0,472005227.0,362039431.0,783849476.0,10951115359.0,377026508.0,2169301016.0,2077377477.0,1735782880.0,272870874.0,31063236700.0,918445383.0,5286868.0,92317282.0,17856647.0
10-17-20,72298803.0,1238720802.0,18283314340.0,617839279.0,165059604.0,432851135.0,398514144.0,741735960.0,11047103109.0,440840685.0,2636565895.0,1693057793.0,1564431085.0,324662590.0,29893695719.0,629206957.0,4006836.0,91695525.0,16884597.0
10-18-20,91049562.0,1435700560.0,23860769928.0,473409560.0,306021433.0,490775170.0,767678781.0,970398128.0,12811242092.0,385913101.0,1771107656.0,1823030809.0,1633896016.0,447121354.0,35567986142.0,738334532.0,8104061.0,141524936.0,20011424.0
10-19-20,65577101.0,1526376279.0,30915821592.0,431135509.0,216687519.0,707955236.0,522955519.0,1752177516.0,13741586582.0,493774162.0,1757468523.0,2230433445.0,1584176156.0,548985579.0,43872844120.0,1043640790.0,9235436.0,187660266.0,20661270.0
10-20-20,45017115.0,2306399543.0,43414712626.0,489997722.0,234581977.0,779410099.0,500509185.0,1217457321.0,20241324322.0,510855830.0,3534993796.0,3164562404.0,2254602641.0,701500982.0,60904084735.0,1429939004.0,11941582.0,189646507.0,41812356.0
10-21-20,44976453.0,2827483708.0,34729759598.0,602470749.0,195477498.0,933335641.0,477625325.0,1141772374.0,15772846485.0,530907796.0,3814584794.0,3250753926.0,2427725404.0,459336790.0,51457694149.0,1164629877.0,12483415.0,180907444.0,22421570.0
10-22-20,46856082.0,2125734863.0,28974975003.0,582003737.0,153182270.0,1110973427.0,421663070.0,1048646249.0,14256222052.0,514504830.0,3519541892.0,2740574138.0,2011457715.0,399678152.0,45364336403.0,1019056589.0,13800272.0,161298188.0,20370776.0
10-23-20,44797614.0,1590424952.0,24542317940.0,472797656.0,143789489.0,868194497.0,416099783.0,923427611.0,12201739194.0,407454460.0,3899047277.0,2049345141.0,1875278671.0,352619886.0,38024192721.0,905899376.0,10000606.0,112253296.0,16082277.0
10-24-20,58532388.0,1484930709.0,24406920575.0,738314183.0,139158127.0,722743351.0,377089126.0,915475862.0,10890207469.0,391997739.0,3725652470.0,2158858954.0,2188265619.0,365386353.0,37992408340.0,945179739.0,10476660.0,135658210.0,21400914.0
10-25-20,122152251.0,2390566065.0,29461458313.0,700462079.0,181364928.0,880221833.0,443119232.0,1088998065.0,15155684229.0,624224136.0,3701855843.0,2851175628.0,2505786846.0,403678837.0,53856600950.0,1119665840.0,13070863.0,159222736.0,26061653.0
10-26-20,78927089.0,2273574015.0,33749878156.0,572965375.0,173073310.0,913522302.0,451574298.0,1010406631.0,13940434102.0,715978374.0,3431678162.0,2718701859.0,2138232762.0,373272348.0,50594554703.0,929589775.0,14792137.0,176862175.0,20327241.0
10-27-20,72848720.0,2375598739.0,35867318895.0,594927317.0,166210480.0,876721856.0,491155471.0,883960291.0,15276441134.0,477279858.0,3786206312.0,3670734190.0,2743657228.0,441414414.0,54295663450.0,1178567842.0,11488928.0,170322091.0,25931644.0
10-28-20,58929515.0,5451698743.0,56499499598.0,686973859.0,143150634.0,883054980.0,444249615.0,942916978.0,12920477749.0,426303252.0,3010404352.0,2670911240.0,2175668623.0,408337717.0,45899362605.0,1214131984.0,11206851.0,136062646.0,8707253549.0
10-29-20,63444097.0,2364402263.0,30581485201.0,620039414.0,118612988.0,855782606.0,590369392.0,910069440.0,13688056970.0,531974962.0,2563994174.0,3032354182.0,2671602807.0,432449850.0,48310061722.0,1308805667.0,10089228.0,157440828.0,14985294.0
10-30-20,56189318.0,2100764094.0,30306464719.0,438423238.0,137580784.0,662592019.0,527240707.0,934899053.0,11276963426.0,360596998.0,2657420659.0,2021384093.0,2006225261.0,362019630.0,42514424089.0,1139362516.0,7037647.0,140233229.0,16573931.0
10-31-20,45528682.0,1855741696.0,24453857900.0,434742209.0,115500841.0,609565849.0,420211623.0,740672528.0,10475146018.0,338657898.0,2045991010.0,1785981045.0,1756289005.0,319089147.0,34361640768.0,945308161.0,8132346.0,107373599.0,19481369.0
11-01-20,50142376.0,2412875798.0,30771455468.0,696015911.0,129525552.0,817756720.0,505322763.0,909137322.0,13997574252.0,390864652.0,3019889902.0,2473366490.0,2430305527.0,514127332.0,47077503200.0,1256143677.0,8869227.0,132681107.0,18327952.0
11-02-20,62871653.0,3052524907.0,29869951617.0,638480036.0,126769721.0,859629132.0,491018669.0,953218599.0,12588494762.0,457901613.0,2580300879.0,2902353056.0,2498279853.0,502014093.0,45019168827.0,1250890307.0,11110777.0,138243206.0,17561397.0
11-03-20,52552651.0,3335786074.0,35116364962.0,776353466.0,118999480.0,1041738046.0,505066224.0,858371148.0,15126077675.0,383972480.0,3050534139.0,2602972773.0,2195202386.0,573950618.0,51351488942.0,1576064011.0,15443851.0,161150029.0,19394751.0
11-04-20,31611963.0,2949508995.0,40856321439.0,716892261.0,180475299.0,554496502.0,474894502.0,809301894.0,15440711038.0,299236756.0,3250514599.0,2296534780.0,2271829364.0,514384119.0,50361326125.0,1192785821.0,12278861.0,206184471.0,18038490.0
11-05-20,54267546.0,3282591092.0,39837841971.0,579096370.0,197958333.0,717731180.0,466393754.0,876674156.0,16738305610.0,343104562.0,4083503373.0,2307792598.0,2386972055.0,633850183.0,52898738178.0,1133832829.0,13832227.0,289623872.0,40431067.0
11-06-20,44610219.0,3395345984.0,35024953706.0,460073699.0,207531867.0,861840304.0,427788537.0,952470345.0,18873289788.0,362934993.0,4320946722.0,3306975309.0,2649882906.0,802230674.0,56226369647.0,1212524314.0,14113962.0,309422432.0,40918693.0
11-07-20,22754531.0,2364742336.0,26632075029.0,386130835.0,137449751.0,625787081.0,344278928.0,636276784.0,11292383601.0,321186882.0,2560316021.0,1964488513.0,1491096122.0,505520194.0,36518314883.0,1075666534.0,7680706.0,183442702.0,21409447.0
11-08-20,28124348.0,3079413903.0,34149115566.0,413108147.0,151868375.0,802272882.0,367027946.0,835050949.0,13704320630.0,335957338.0,2791720300.0,1926205001.0,1646166626.0,530237787.0,46110330836.0,930648315.0,18633032.0,159050815.0,28298476.0
11-09-20,39633173.0,3488798458.0,25574938143.0,663080326.0,151230471.0,700753239.0,372107708.0,707887433.0,12090381666.0,310738349.0,2269831643.0,1590780216.0,1549695876.0,454230927.0,38577912936.0,886282458.0,10065005.0,172863002.0,27481021.0
11-10-20,33138759.0,2811079099.0,29772374934.0,1429155325.0,142374410.0,631585357.0,378205634.0,711256095.0,14075403511.0,279645463.0,2580790979.0,1483145652.0,1593529247.0,489840982.0,42668662479.0,953628922.0,9289845.0,161219993.0,31605650.0
11-11-20,24028261.0,2443233108.0,34175758344.0,1001159037.0,135597876.0,634274545.0,679481178.0,719747327.0,12877327234.0,266092376.0,2506731801.0,1691361924.0,1745052808.0,424764093.0,43616955783.0,1095901980.0,9537270.0,170321242.0,29119030.0
11-12-20,29217750.0,2989109717.0,31599492172.0,426788741.0,141302911.0,477838893.0,397587053.0,653191359.0,13191505725.0,292737428.0,4324936978.0,2159730843.0,2136150107.0,456511870.0,43464032776.0,936557125.0,8016837.0,148816436.0,33794201.0
11-13-20,30334380.0,4433908911.0,27481710135.0,376806344.0,171038961.0,432474021.0,423082127.0,695044806.0,10312037942.0,254114574.0,2879859655.0,2131937376.0,1735421983.0,428467411.0,37625148237.0,788167676.0,10959554.0,139185341.0,33354575.0
11-14-20,25131683.0,3613774298.0,23653867583.0,385247536.0,130851376.0,358303858.0,389160484.0,726438273.0,10308617165.0,254946427.0,2565763410.0,2400160029.0,1497817036.0,406207296.0,34845215193.0,716438616.0,6677585.0,156096826.0,27415545.0
11-15-20,52063283.0,4105697051.0,31526766675.0,561294196.0,144088171.0,400498894.0,449422369.0,643168772.0,11441239444.0,275039274.0,5089779254.0,2443954097.0,1719068544.0,383915354.0,43959721427.0,850372672.0,8703463.0,159031187.0,28783106.0
11-16-20,46631464.0,6002566535.0,39006849170.0,896581894.0,234814750.0,622568575.0,455265974.0,892680900.0,14593057877.0,320321793.0,5781117491.0,1738784593.0,2577705365.0,541839394.0,55094987084.0,727842488.0,12113590.0,190495116.0,34210555.0
11-17-20,49460064.0,5684799554.0,49064800278.0,1857196416.0,200409056.0,692683324.0,490748196.0,1224808279.0,17880199224.0,327690836.0,6120728271.0,2327656295.0,2865530498.0,568401518.0,68784549701.0,1075626342.0,13585726.0,209844569.0,39805506.0
11-18-20,40330643.0,5230574728.0,36985055355.0,1060495098.0,159838550.0,590674105.0,441493519.0,843848867.0,12473929218.0,282317319.0,6615851204.0,1254227175.0,2201334827.0,509949989.0,53334422091.0,967438282.0,9450623.0,156018269.0,51370733.0
11-19-20,57656465.0,6283633942.0,36992873940.0,1031112251.0,177052672.0,688553865.0,423669964.0,910566105.0,18629943296.0,321436881.0,6264878329.0,1873696045.0,2677293616.0,559364639.0,58285960281.0,982683690.0,13834225.0,219284140.0,36616064.0
11-20-20,162641694.0,16206296041.0,39650210707.0,1320305778.0,646627498.0,1385060442.0,705601011.0,1971506924.0,20757099184.0,419204706.0,6565673514.0,5765585961.0,5783285268.0,879458544.0,77062206041.0,1190447304.0,44604050.0,476186263.0,44867186.0
11-21-20,121660410.0,19097682286.0,41280434226.0,1162351895.0,689900728.0,2294032112.0,760879685.0,1963692552.0,21967049601.0,426289161.0,6285046852.0,4952111958.0,5908822504.0,870219583.0,80187383235.0,1419490754.0,44631385.0,352241350.0,43661465.0
11-22-20,101561039.0,20715303968.0,42741112308.0,1134816057.0,881252331.0,2203606418.0,704952708.0,1693209297.0,27272302872.0,433686948.0,7198913664.0,5309099342.0,5261090646.0,850859398.0,85808045491.0,1179302984.0,50462838.0,435424500.0,58455758.0
11-23-20,266716036.0,32826193388.0,51469565009.0,1926616509.0,3759466315.0,2566224959.0,1677709732.0,2856540897.0,23281758100.0,840230024.0,7748145325.0,7685446495.0,5444227824.0,1342351962.0,99911012514.0,1676850361.0,82166263.0,524332878.0,123912098.0
11-24-20,174459927.0,23569614498.0,43710357371.0,2487592318.0,3400050501.0,1773041979.0,1136897955.0,2303332553.0,20088492893.0,599500600.0,6033297331.0,5131050362.0,5072915682.0,1074171014.0,86889311262.0,1543326329.0,51310508.0,499346438.0,194776209.0
11-25-20,175520294.0,23673915793.0,61396835737.0,2187891310.0,2426960775.0,2523183036.0,1065755512.0,2248209134.0,31104004592.0,659590250.0,8965913476.0,4922338888.0,6645129607.0,1206541705.0,114616849233.0,1692582467.0,49823165.0,566448836.0,143598272.0
11-26-20,92323023.0,18713160692.0,38886494645.0,1129287986.0,2262645472.0,1505708870.0,727371360.0,1242017588.0,16831105703.0,361093513.0,5874999214.0,2947138216.0,4033264774.0,692666881.0,71012323469.0,1120096045.0,23917912.0,296100133.0,62360849.0
11-27-20,58033650.0,17173561815.0,32601040734.0,1061296762.0,2016734578.0,1932319047.0,1023057277.0,1124450214.0,14770243833.0,338275296.0,4784394518.0,2623903532.0,3470107604.0,600303172.0,59622219575.0,888532373.0,24458399.0,231667778.0,84072893.0
11-28-20,46319972.0,15391721339.0,31133957704.0,810402854.0,987586583.0,1731327207.0,1095154976.0,893286078.0,15017517758.0,347773041.0,5314384738.0,2155292211.0,3262198687.0,507293681.0,56283936388.0,990558821.0,20497051.0,206799141.0,47930186.0
11-29-20,68622736.0,17398359053.0,47728480399.0,1166399340.0,1061790831.0,2151589402.0,1123998506.0,1234758185.0,20276867833.0,389608481.0,6812463307.0,3892204636.0,4432883345.0,650710753.0,78422057481.0,960312531.0,27659099.0,250350582.0,50857268.0
11-30-20,80163603.0,16985355820.0,49633658712.0,1624176560.0,917146767.0,2071556994.0,1015518319.0,1616257102.0,27178964465.0,467818960.0,9818290618.0,4197968842.0,4774952881.0,756152547.0,91231924619.0,867323873.0,27933098.0,307228805.0,68821689.0
12-01-20,58705661.0,12874875863.0,37387697139.0,884508035.0,588076706.0,1367595805.0,784922147.0,840203817.0,16883292129.0,371441750.0,7713268210.0,2654055892.0,3242253922.0,603047038.0,65320503081.0,952136003.0,16075906.0,191946336.0,48525741.0
12-02-20,47907032.0,9884297219.0,31930317405.0,1179242850.0,489435452.0,1287927035.0,572532764.0,673624677.0,16146190946.0,324897560.0,6014261404.0,1932456432.0,2584440174.0,548003838.0,53438971741.0,886562181.0,15314662.0,156763160.0,81621034.0
12-03-20,45062222.0,9629062989.0,33872388058.0,993689938.0,575389419.0,1200621758.0,572576993.0,823071021.0,16337589997.0,362626786.0,5444117736.0,2806192319.0,2846067694.0,566020531.0,57391362137.0,938138557.0,14782204.0,186363130.0,312069648.0
12-04-20,43386583.0,8565677726.0,27242455064.0,1045936325.0,428643561.0,1036100099.0,490124327.0,684866342.0,13498010566.0,307895991.0,4517680975.0,1781606883.0,2326441653.0,402242304.0,46459783524.0,780583419.0,12285542.0,145917728.0,222891689.0
12-05-20,40936574.0,10280250882.0,25293775714.0,766801976.0,410343063.0,886137949.0,492907265.0,716011957.0,11290893016.0,249993855.0,3454805957.0,1662530478.0,2074582343.0,340083848.0,41702527218.0,912728956.0,9628386.0,147506850.0,112451877.0
12-06-20,36923814.0,7718537440.0,26896357742.0,586148263.0,317729160.0,789426236.0,457371632.0,614032135.0,10720480962.0,238972454.0,4312326196.0,1571228768.0,2064769642.0,353910195.0,41553114205.0,1034799193.0,21093891.0,141701563.0,84655957.0
12-07-20,52702701.0,8302771172.0,31692288756.0,629688669.0,432945452.0,939164987.0,440498771.0,780286048.0,14398919320.0,323672206.0,4230876095.0,1804265825.0,2365114721.0,442835914.0,51018510966.0,840892038.0,16320473.0,201313793.0,129127638.0
12-08-20,45746722.0,12648574700.0,34420373071.0,954056392.0,935284783.0,1320752603.0,472674233.0,888645741.0,15855915840.0,323390504.0,4239672634.0,2258287289.0,2579251503.0,492144065.0,58645762362.0,913661145.0,15783422.0,195559316.0,131625699.0
12-09-20,33740988.0,9695432997.0,25547132265.0,607067842.0,770957773.0,798550525.0,288143376.0,581956183.0,11672582040.0,263890750.0,3007098971.0,1528530540.0,1940078230.0,386973088.0,42906892986.0,542981597.0,16303251.0,116436665.0,97991287.0
12-10-20,41712942.0,10708202570.0,27919640985.0,570772568.0,608768064.0,704854539.0,378218764.0,604593707.0,11098819124.0,278060132.0,3761860017.0,1988724958.0,1803556567.0,427090713.0,46855379778.0,621798045.0,16215433.0,132572049.0,81965314.0
12-11-20,35466155.0,10925057158.0,21752580802.0,444777617.0,509594961.0,519780651.0,306478920.0,599944339.0,8534557897.0,238973887.0,2966684035.0,1470417816.0,1399303916.0,327952282.0,37175152958.0,872906517.0,13558416.0,115337158.0,227689050.0
12-12-20,37464323.0,8534780504.0,25450468637.0,487181246.0,689055367.0,675025745.0,297721177.0,507399199.0,9070377862.0,265728020.0,3845040543.0,1616017414.0,1518779146.0,402042134.0,39919658599.0,812781072.0,11402091.0,143202052.0,160788593.0
12-13-20,36238516.0,7110439196.0,22473997681.0,461612748.0,522592210.0,587078385.0,299897458.0,458112630.0,8125837102.0,335453986.0,3459910049.0,1523697597.0,1375441337.0,316369958.0,34855969067.0,924928957.0,11695970.0,119074382.0,106664750.0
12-14-20,37127782.0,9052977849.0,26741982541.0,453664751.0,469193894.0,607184173.0,299872939.0,650311170.0,9326645840.0,294288115.0,3727495996.0,2965318993.0,1665529164.0,352294416.0,41060539775.0,835723672.0,12064175.0,110384844.0,85604603.0
12-15-20,50989880.0,15158282218.0,44409011479.0,728122062.0,1059791080.0,976699799.0,534037791.0,760891772.0,15817248373.0,347039607.0,6152647270.0,3505656634.0,2369654229.0,466310352.0,65892006749.0,1165978079.0,21159026.0,173196508.0,117658362.0
12-16-20,172736659.0,21429914951.0,71378606374.0,1134523198.0,1664078484.0,1188727265.0,784050790.0,1226706409.0,25479532147.0,479985920.0,11165000706.0,5145542717.0,4024130321.0,674477704.0,107057692974.0,1520827020.0,31788052.0,255570523.0,209897339.0
12-17-20,101799430.0,14936843250.0,40387896275.0,762202781.0,822786727.0,1101018945.0,711303071.0,816502608.0,15756303983.0,359055461.0,10096427749.0,3694943234.0,2252207387.0,482688606.0,68567341447.0,1198875248.0,17510265.0,158047717.0,240664474.0
12-18-20,98447179.0,11188586674.0,38487546580.0,685902898.0,483210984.0,586684841.0,586663017.0,615092281.0,12830893778.0,534843839.0,9859343632.0,3474653628.0,2025238261.0,402369100.0,59773866553.0,1058413017.0,21713204.0,154315259.0,188177469.0
12-19-20,508066004.0,9611613770.0,37844228422.0,964200699.0,459139596.0,729191687.0,702192975.0,976931379.0,13375855442.0,583559932.0,8652067110.0,6066519346.0,3117343092.0,456154855.0,62633975828.0,1179117992.0,21321683.0,142718426.0,117459104.0
12-20-20,664160057.0,9852685075.0,45852713981.0,1078055757.0,509445346.0,1139902286.0,803157863.0,947004005.0,14419493621.0,583000547.0,9903839433.0,7569828152.0,3680267303.0,612702935.0,70204823309.0,871086463.0,21409917.0,181446471.0,176656739.0
12-21-20,239288785.0,15134323976.0,44171632681.0,874866456.0,661299925.0,1138400653.0,785087708.0,974116414.0,14745890080.0,563925549.0,11221164987.0,5764317548.0,3522942736.0,530571054.0,72277839948.0,1085861192.0,17332830.0,188460624.0,162112955.0
12-22-20,205080908.0,19793483656.0,51146161904.0,1024946251.0,1192456990.0,1484453887.0,634717092.0,1027482138.0,15261413038.0,582613805.0,12287537836.0,6488304103.0,4774602337.0,636508498.0,85019037325.0,1651914827.0,42748028.0,240904392.0,251106949.0
12-23-20,143405580.0,16742652289.0,41080759713.0,1107049394.0,1571608569.0,1470292431.0,560377122.0,999870120.0,14317413703.0,488263504.0,10108653753.0,5354778111.0,4566322003.0,595408618.0,70696999694.0,1214238106.0,21414465.0,206928501.0,316012951.0
12-24-20,136819917.0,16321189804.0,42068395846.0,948453689.0,864019522.0,1119917804.0,693024636.0,1092567729.0,13520927700.0,421026462.0,11678543063.0,5540322692.0,4242901904.0,532805501.0,69379207764.0,1140842321.0,19317765.0,171185239.0,158329983.0
12-25-20,151728507.0,9984475081.0,48332647295.0,760151411.0,532755621.0,1191970341.0,817941760.0,841956308.0,14761125202.0,434464851.0,12680207148.0,5382110131.0,3266819601.0,462260004.0,70249332948.0,1298457222.0,21748449.0,140203421.0,113978692.0
12-26-20,154526399.0,9250325478.0,66479895605.0,988741542.0,758476186.0,1578354821.0,906791476.0,1395277093.0,26093552821.0,567285548.0,14103307412.0,7057534742.0,4119852398.0,552614642.0,95264858228.0,1265534848.0,34715111.0,217880483.0,137215539.0
12-27-20,99641525.0,8389871765.0,49056742893.0,836276543.0,578664860.0,1732151279.0,824960420.0,977375508.0,24222565862.0,611476292.0,10248729547.0,6323801331.0,2938832204.0,492609607.0,76757036205.0,1460056395.0,21730246.0,184326551.0,90582084.0
12-28-20,90876497.0,12970077098.0,45265946774.0,667001510.0,762785956.0,2967669490.0,725711431.0,1222238399.0,18710683199.0,938849532.0,9160551332.0,5332139475.0,2834518136.0,495298321.0,76792619209.0,1308264776.0,18297577.0,236659306.0,111191319.0
12-29-20,94834499.0,8894036560.0,51287442704.0,916370306.0,555793351.0,1849432295.0,627344407.0,1108455178.0,17294574210.0,501223201.0,8127317345.0,4985121425.0,2556476004.0,367294042.0,72666964921.0,1358681218.0,15285444.0,172278687.0,110903893.0
12-30-20,85498337.0,5363979601.0,46754964848.0,709023166.0,484196978.0,1132268397.0,503410473.0,861613319.0,13926846861.0,404140896.0,6274573135.0,3783477587.0,2183017128.0,339902066.0,61468463255.0,1095354071.0,26769898.0,154051545.0,172849396.0
12-31-20,228961515.0,5888429287.0,40730301359.0,556639553.0,493194345.0,1122218004.0,853438257.0,740550356.0,13652004358.0,459165743.0,7326980728.0,3490086847.0,2202334583.0,346481684.0,60509986287.0,1946205729.0,15791601.0,177515579.0,194318115.0
01-01-21,3421562680.0,4773658725.0,67865420765.0,715306867.0,463295709.0,1408849504.0,850378682.0,980910324.0,19740771179.0,521965394.0,10532067985.0,4608719269.0,2647911577.0,420582504.0,87333964442.0,1794461266.0,25174949.0,233029593.0,111874688.0
01-02-21,2707003608.0,5109898871.0,78665235202.0,1377349497.0,694141229.0,2303857909.0,724060416.0,1496675629.0,45200463368.0,758008613.0,15385661271.0,7273123207.0,4016977942.0,644824666.0,120425679796.0,1234835529.0,36641056.0,312112832.0,156961704.0
01-03-21,1372398979.0,6141918380.0,81163475344.0,1821321887.0,1650893150.0,3260699086.0,729411303.0,1768802420.0,56945985763.0,807877171.0,13659785704.0,8597472426.0,4592899152.0,819828941.0,125906387011.0,1098283687.0,60563730.0,376283723.0,178336251.0
01-04-21,687256067.0,5378491929.0,67547324782.0,1291674762.0,2558465429.0,4097207384.0,612664956.0,1715256508.0,41535932781.0,644270927.0,10192818976.0,6465746424.0,3834551808.0,707236589.0,101918715244.0,1316221597.0,88086747.0,370590662.0,108304877.0
01-05-21,749915516.0,7552726810.0,75289433811.0,1676433214.0,10408578427.0,6170988900.0,760044337.0,1636410063.0,44699914188.0,641021601.0,10743884477.0,6501368134.0,5868486395.0,1263551435.0,116105139289.0,1127011232.0,79394660.0,460356341.0,427045462.0
01-06-21,520644706.0,15955049240.0,84762141031.0,1770317764.0,6253336842.0,5149188552.0,1019678788.0,2184194025.0,40468027280.0,829964770.0,13099581396.0,8115564128.0,6580130497.0,1580102395.0,129467601516.0,1621898149.0,67880370.0,455057319.0,256069339.0
01-07-21,394462164.0,9825829516.0,88107519480.0,1650346807.0,3650270362.0,4560690774.0,867611933.0,1816169856.0,44334826666.0,650561500.0,14705614969.0,8384177380.0,5089074482.0,1084980562.0,131555961745.0,1385625368.0,42792494.0,415712695.0,205068828.0
01-08-21,485842353.0,7184429145.0,61984162837.0,2051312079.0,2262748352.0,3655608662.0,897302736.0,1942464523.0,33233105361.0,590039660.0,11136779198.0,11980066195.0,6671849037.0,1045266208.0,103292241007.0,1324637229.0,168732251.0,359421765.0,122601226.0
01-09-21,458583519.0,9647740012.0,79980747690.0,3946510254.0,1949483668.0,3732911206.0,3555132592.0,2238339640.0,40616938053.0,701488832.0,12774461582.0,18670984544.0,9057323705.0,1929903781.0,135437984723.0,2265991619.0,89703670.0,600574982.0,132414925.0
01-10-21,637956958.0,9787288503.0,123320567399.0,2935227025.0,2510439297.0,4768803200.0,2990132031.0,1859950567.0,60733630300.0,890728694.0,17994263494.0,15256193289.0,6056389193.0,2780534347.0,180779058885.0,2721315081.0,68731536.0,547896519.0,147223262.0
01-11-21,333308457.0,6557418314.0,74773277909.0,1775054609.0,2951493960.0,4037298875.0,1811403552.0,1940236521.0,37494601692.0,567249584.0,11898878222.0,8994820907.0,3476712898.0,1322795752.0,117509616511.0,1801964025.0,40350215.0,358819202.0,101560831.0
01-12-21,240079033.0,4831812051.0,69364315979.0,1223601377.0,1932760186.0,2656935144.0,1342637586.0,1188664735.0,30109792795.0,542384725.0,8421748673.0,6997508555.0,2460767319.0,1107875794.0,98217076295.0,1454995575.0,52741201.0,302100210.0,108474240.0
01-13-21,428369039.0,5277189444.0,63615990033.0,1318500838.0,1746390818.0,2686785564.0,1073841340.0,1226382496.0,33410915929.0,534108764.0,8271411810.0,7008145988.0,2823553010.0,1018166710.0,97567813514.0,1882208443.0,48666768.0,331266778.0,98439746.0
01-14-21,398965925.0,4955409029.0,67760757881.0,1369887263.0,1546747797.0,3171984602.0,978641165.0,1414993857.0,35972039310.0,562019413.0,8416625031.0,7258747674.0,3383813556.0,1450579738.0,112214718054.0,1453280078.0,68908955.0,624138829.0,106383030.0
01-15-21,258630480.0,4116256007.0,57706187875.0,1259158007.0,1576551021.0,4476161885.0,858993446.0,1279285483.0,32319240157.0,604218252.0,7183807955.0,6303545655.0,3102534382.0,1065185800.0,101603530718.0,1055855028.0,55033051.0,754044151.0,98756384.0
01-16-21,254487989.0,3488557208.0,52359854336.0,1136556771.0,1884116937.0,5617481334.0,739219388.0,1011001496.0,29258032819.0,664875513.0,6098835633.0,4635690838.0,2327878543.0,941229932.0,91132972168.0,1232527498.0,45209516.0,500305741.0,105830209.0
01-17-21,205025648.0,3239112861.0,49511702429.0,1092338048.0,1011246742.0,3480282508.0,810244066.0,1114043435.0,25817455560.0,586905636.0,6640211538.0,4495156814.0,2125840773.0,1646875434.0,81024209658.0,1245369745.0,78156653.0,416319446.0,94115216.0
01-18-21,249242632.0,5583136814.0,57244195486.0,1768930960.0,1530976794.0,2957453653.0,776404436.0,1107368899.0,47195935190.0,750638729.0,9314780275.0,6415459721.0,2474064456.0,1357906534.0,103734629698.0,1413206282.0,64935906.0,456126038.0,150301953.0
01-19-21,220205442.0,4528341598.0,66834573161.0,1729793613.0,1160924328.0,3281600988.0,1069448780.0,1172430542.0,46784030909.0,684094133.0,9002037330.0,6103579197.0,2179371213.0,1161728804.0,115893865966.0,1186398868.0,51586970.0,416516651.0,134762837.0
01-20-21,215419839.0,4453463443.0,75643067688.0,1351386979.0,1083947046.0,3567902823.0,1002780700.0,1322491373.0,45932464754.0,621983627.0,8703006148.0,6318951662.0,2337193434.0,1063264491.0,125636003892.0,1459459068.0,86327769.0,394203633.0,89213725.0
01-21-21,185490003.0,4501765714.0,77207272511.0,1150937853.0,1392207582.0,4066222238.0,948645119.0,1501863627.0,43918338506.0,561072899.0,8550579025.0,5739209371.0,2332055160.0,934465361.0,121548669235.0,1457964054.0,58496921.0,755044002.0,96377415.0
01-22-21,154393737.0,3018882841.0,48354737975.0,915104167.0,875595181.0,2781033956.0,637660643.0,911280721.0,27253895441.0,468609053.0,5380627901.0,4073070097.0,2224952797.0,962635755.0,80722167203.0,1212584945.0,40985253.0,962381916.0,65438273.0
01-23-21,162191977.0,2472431875.0,48643830599.0,853417339.0,806028759.0,2539663711.0,639950443.0,1013208322.0,36418163554.0,450486066.0,4972171240.0,3869930797.0,1860478247.0,825634863.0,84413124756.0,1287049711.0,41530395.0,564216606.0,60649063.0
01-24-21,180820875.0,2925493997.0,59897054838.0,1055845770.0,713468709.0,2339817092.0,655837687.0,1443220944.0,43565777745.0,507172505.0,6344860290.0,5168935996.0,2007252390.0,708629057.0,101158851200.0,981919977.0,45520330.0,407715141.0,74071843.0
01-25-21,161173749.0,2790821503.0,60255421470.0,806232079.0,670565995.0,2557745015.0,621743545.0,899192285.0,41572917750.0,546536514.0,5897389103.0,5549601374.0,1980843470.0,652013689.0,101647526020.0,984356371.0,37134884.0,364649374.0,153657937.0
01-26-21,204797186.0,2940937079.0,62576762015.0,816336746.0,669146236.0,2666764973.0,495451767.0,1150116667.0,39394416990.0,519618043.0,6281091792.0,6484712952.0,2049692706.0,647178794.0,105901637306.0,936623910.0,39597307.0,414814889.0,133505652.0
01-27-21,2125005503.0,2935777810.0,78948162368.0,926715639.0,793515246.0,2980005125.0,677906735.0,1065775730.0,39790481941.0,525149092.0,6759603398.0,5833018234.0,2112124617.0,720465621.0,109308013592.0,1379376617.0,38680082.0,514036250.0,115984085.0
01-28-21,25403310432.0,8031899348.0,117894572511.0,1345784779.0,5357767876.0,3367098095.0,757799245.0,4817781094.0,53611955259.0,651771603.0,8878892082.0,7763515865.0,3791567522.0,958648054.0,183670639698.0,875293617.0,56485963.0,472004757.0,159754436.0
01-29-21,8735576553.0,24417465997.0,65141828798.0,966166730.0,3891286887.0,2866173269.0,496657726.0,1966189340.0,30616574234.0,533768579.0,6332391807.0,5032998555.0,3788166743.0,662265097.0,115648742489.0,1034542155.0,51518412.0,375950572.0,98435472.0
01-30-21,8548997882.0,24394851756.0,52754542671.0,858550701.0,2305438899.0,2455679992.0,440551352.0,1825939148.0,25198853581.0,512545443.0,4539387378.0,3699019612.0,3872903140.0,716164037.0,101327508212.0,975323838.0,43518572.0,333887944.0,88917452.0
01-31-21,6319224026.0,34974233953.0,61400400660.0,867354238.0,3711837885.0,3838085989.0,509556195.0,1907823432.0,29210670920.0,1256933735.0,5607159828.0,5447738736.0,6293241599.0,837062062.0,117812471778.0,988331548.0,46488077.0,345351608.0,214472351.0
02-01-21,3090896595.0,12756138062.0,63088585433.0,927985178.0,2229603871.0,6504904709.0,597159301.0,1453404854.0,45437142801.0,1006694242.0,7552216052.0,4782082014.0,2983378195.0,652275726.0,112355343051.0,1143502712.0,41494305.0,308123424.0,207622682.0
02-02-21,3146856788.0,8672301822.0,61166818159.0,1056168045.0,1486186863.0,3648896567.0,855576972.0,1315556227.0,41874566399.0,714000888.0,8586975076.0,4916862940.0,2585205675.0,748535993.0,106216534834.0,1008948639.0,48070063.0,468677843.0,122823063.0
02-03-21,13040837601.0,13193400182.0,68838074392.0,991881671.0,1554404275.0,3553059568.0,696241427.0,1585497411.0,44396871836.0,940905214.0,7811659280.0,4820122971.0,2999987469.0,770045905.0,130071476669.0,990560200.0,53602577.0,487989692.0,118266163.0
02-04-21,6136160058.0,10229060640.0,58598066402.0,1525968265.0,2146857567.0,6808411307.0,870586751.0,1696796527.0,40108628454.0,1431595319.0,7359451680.0,4151940175.0,3690662908.0,945035473.0,116242339499.0,1021414058.0,147996598.0,649638475.0,101505257.0
02-05-21,5946101275.0,7625571666.0,71326033653.0,1585778785.0,2538410914.0,8109402422.0,898139295.0,1882492650.0,39873420648.0,2114553792.0,8323878876.0,7376227692.0,3002069353.0,907170715.0,121039422025.0,852533093.0,205129351.0,528357024.0,115805637.0
02-06-21,14261024073.0,7495069765.0,65500641143.0,1318453489.0,5026694578.0,11252055620.0,786948204.0,1871100821.0,39889440151.0,1493688265.0,6884924123.0,5588458731.0,5982395276.0,873846113.0,130348566847.0,804302298.0,99620628.0,649984476.0,172323684.0
02-07-21,12844375210.0,8180714581.0,101467222687.0,1421064289.0,2542466582.0,9056514741.0,954459710.0,2844000480.0,48012285956.0,2133574291.0,8863883926.0,6169936503.0,5350964756.0,1196269971.0,156718232410.0,933249680.0,202840399.0,544335347.0,374124392.0
02-08-21,7348840814.0,9634769935.0,91809846886.0,1776235455.0,1818075317.0,5885048712.0,1042676789.0,4192383244.0,44180727529.0,4425849540.0,10156352233.0,7367014754.0,7117645371.0,1991125482.0,155577364901.0,1266909007.0,241232230.0,934390107.0,171735604.0
02-09-21,6785088422.0,13793347172.0,87301089896.0,2845720874.0,3501396594.0,12667653585.0,1301958364.0,2971214151.0,41916084617.0,7000323240.0,12820808289.0,7763853779.0,8487998559.0,2635786138.0,167294523848.0,1353006269.0,274655754.0,839438611.0,286556586.0
02-10-21,3818556739.0,8979459920.0,81388911810.0,2295170444.0,3244799993.0,10627183208.0,2026282373.0,3849219974.0,36021495262.0,2809765027.0,9278994121.0,6776342962.0,7366913969.0,2254113590.0,144658901916.0,1371489332.0,934230159.0,908048537.0,275706692.0
02-11-21,4190843784.0,13950086407.0,76555041196.0,1912353387.0,3705074297.0,8035829513.0,1519166040.0,3474527931.0,37905036865.0,2981627650.0,10839370443.0,7486531853.0,7164080652.0,1622172448.0,147107216422.0,1922969024.0,376795724.0,1459813520.0,221645250.0
02-12-21,2618049766.0,14161115005.0,70250456155.0,4767114007.0,5519338626.0,7532474270.0,6608968746.0,3469891543.0,35359490535.0,2116751635.0,16565513036.0,10843656790.0,9702644319.0,2480436245.0,153120142052.0,2507166376.0,354775523.0,1396242808.0,258674397.0
02-13-21,3984667628.0,10460949240.0,71248675228.0,4709725460.0,3078578193.0,7159401195.0,3294365887.0,3066907831.0,31439114900.0,2312597445.0,12902511399.0,14673194771.0,7686866015.0,2703631532.0,138353850761.0,1882616238.0,247297194.0,1174426403.0,195089521.0
02-14-21,4944804938.0,10563510365.0,77069903166.0,3259111462.0,3202896143.0,8979888270.0,5224352287.0,3539421366.0,38955610883.0,2414986848.0,13482646966.0,15323317081.0,8201494470.0,2556989308.0,162693579145.0,2055578928.0,496828062.0,1187971516.0,241500663.0
02-15-21,3409478696.0,10310430732.0,77049582886.0,2332812588.0,2101777439.0,6948621246.0,3187096615.0,2771063532.0,34269369268.0,1925775294.0,12666436004.0,10739148111.0,7243532479.0,1955672376.0,141032763591.0,1907158941.0,333511577.0,753458841.0,148168088.0
02-16-21,2976148723.0,9332962077.0,80820545404.0,2573562260.0,1859433188.0,5841828077.0,2871915928.0,2330164000.0,35955412703.0,5236224271.0,13792789978.0,8767701437.0,5744341913.0,1668883398.0,139150324868.0,2434163823.0,235064889.0,699487699.0,149407024.0
02-17-21,4551943638.0,5621706995.0,52054723579.0,1555231634.0,1663443587.0,4918032802.0,2599762509.0,1707823236.0,28255902969.0,6110987389.0,7889078633.0,4289327501.0,3004547597.0,1081106080.0,94966568287.0,897054224.0,408335245.0,622655231.0,229867719.0
02-18-21,2949251418.0,6896487164.0,63495496918.0,2345226652.0,1683567104.0,4582877243.0,3412159925.0,3547291765.0,26268814253.0,17982945189.0,7151082978.0,5251329016.0,4376486907.0,1698129766.0,113649609569.0,992126854.0,342322930.0,634692106.0,386602749.0
02-19-21,3175468554.0,7892199926.0,68145460026.0,2589293778.0,2152043635.0,11454890463.0,2252686283.0,3088402642.0,34696091102.0,9680520706.0,8208699025.0,6495825727.0,4465280621.0,1389656551.0,137486320908.0,991879040.0,255013928.0,725265606.0,326594956.0
02-20-21,2450293068.0,6569716153.0,51897585191.0,1564244576.0,1691495133.0,7042361464.0,1631185275.0,2152212761.0,23626547717.0,8505963719.0,6934669818.0,5369155548.0,3905821195.0,2734374270.0,102446076715.0,858148416.0,156950114.0,499921679.0,273784414.0
02-21-21,3366757324.0,18769236632.0,92052420332.0,2172383155.0,2952779389.0,10562051439.0,2185019837.0,2903206916.0,42409646036.0,7885768925.0,9523044215.0,7444078951.0,6022886701.0,2205914900.0,169690403440.0,999802849.0,317231034.0,805917264.0,1230907415.0
02-22-21,2394345361.0,14359021786.0,106102492824.0,2358360486.0,2962479689.0,11201900117.0,2201370879.0,3354811856.0,52029864713.0,8280752930.0,10944696472.0,8300802305.0,6395663188.0,2054924678.0,195964923867.0,1161680698.0,341557648.0,864130974.0,1941562764.0
02-23-21,4148511571.0,8015468859.0,63695521388.0,1796018617.0,1862049592.0,8481334623.0,2019337660.0,2381928515.0,31329000537.0,7154121651.0,7205360252.0,5749984570.0,3766364459.0,1500823174.0,129007383618.0,861035404.0,279468196.0,585719552.0,625687452.0
02-24-21,2356982022.0,5952353924.0,54506565949.0,1381012967.0,1320643982.0,8248286269.0,1429341215.0,1421732750.0,24481681873.0,4059853073.0,7327999233.0,4752439090.0,2959237301.0,1064640476.0,105464333625.0,628245394.0,152468931.0,604618639.0,270798457.0
02-25-21,1694323466.0,6476253874.0,350967941479.0,1583919447.0,1387062138.0,14884142109.0,1242484945.0,1888660788.0,31435997881.0,4167145958.0,7875998386.0,5217285976.0,3030625050.0,1158416312.0,124624106848.0,750516133.0,132629066.0,598752705.0,679163817.0
02-26-21,1286229526.0,4756622833.0,45910946382.0,1091641277.0,2799346118.0,19141980288.0,1057227406.0,1364941497.0,20742103233.0,2755271254.0,4991079437.0,3648759169.0,2273094739.0,768071378.0,94710037977.0,680010896.0,126697614.0,509960041.0,564420568.0
02-27-21,1408101260.0,4325860134.0,53443887451.0,1105003274.0,1888502990.0,15732556180.0,1071650294.0,1696557291.0,27637026080.0,3129699003.0,5945000101.0,4580690977.0,2510948748.0,964628015.0,106489914975.0,887720265.0,106988945.0,469639314.0,672923921.0
02-28-21,1494427207.0,3547533777.0,53891300112.0,942888235.0,1390709358.0,9775330113.0,1105912502.0,1633969210.0,24032838645.0,5008256561.0,4627257694.0,3643964253.0,1878204092.0,864930653.0,96252860017.0,646909763.0,108541996.0,379060411.0,577232987.0
03-01-21,1346282318.0,3388591213.0,47530897720.0,987035689.0,1167447987.0,8118255106.0,1211726863.0,1404555443.0,22523669722.0,5882262804.0,5247274825.0,4725184970.0,2190267121.0,782221652.0,92797362841.0,638715293.0,111558890.0,462184154.0,1013982342.0
03-02-21,1093877445.0,3304301858.0,53220811975.0,1066025293.0,1195050006.0,4937160429.0,1011999703.0,1291298206.0,22674780680.0,5827707431.0,6392122021.0,3715621944.0,2688646708.0,893222244.0,94786928488.0,693978910.0,114348268.0,527055687.0,1266310958.0
03-03-21,1170617084.0,6027421637.0,52343816680.0,1066962092.0,1067768373.0,7164490225.0,1006496431.0,2912170556.0,22906118718.0,5580339595.0,5488598135.0,3715844937.0,2545846596.0,795239774.0,103244765110.0,703916059.0,221259077.0,508876953.0,575736267.0
03-04-21,1173113591.0,4288262516.0,48625928883.0,913522947.0,839856756.0,7325099027.0,901816499.0,1536724580.0,21067146937.0,4969642573.0,4560793618.0,3088964788.0,2077171137.0,721060001.0,87483469989.0,606923264.0,408373465.0,441164915.0,637569496.0
03-05-21,1480482384.0,2758849692.0,34363564661.0,752329048.0,680865154.0,5348048001.0,614305811.0,1188435802.0,22746262366.0,4489684331.0,3799599706.0,2326475343.0,1632540982.0,561377627.0,66739320404.0,631648717.0,139665537.0,363734091.0,695289815.0
03-06-21,945455832.0,2364586464.0,43137459378.0,894072080.0,796240412.0,4204795554.0,621217474.0,1052201573.0,23809935410.0,5081569247.0,3541357558.0,2256359240.0,3032282252.0,542345515.0,70107811561.0,553596151.0,107629674.0,431844077.0,417589470.0
03-07-21,3554150800.0,3587390975.0,48597428048.0,1029331064.0,857074336.0,3557114310.0,693452143.0,1675275515.0,27630991158.0,5016770824.0,4401225306.0,2792447504.0,2077723482.0,633208025.0,88859705060.0,670914775.0,98452479.0,673608030.0,589564904.0
03-08-21,2466159943.0,3020728025.0,50912227385.0,1198339180.0,1048814189.0,5317733185.0,1178891543.0,1369429281.0,23461244507.0,8676266998.0,5408294951.0,2777424542.0,2437693149.0,834124790.0,95447392493.0,580254645.0,136816739.0,486850632.0,933442284.0
03-09-21,1534489620.0,3271277631.0,57295577614.0,1184671771.0,975485394.0,4215428913.0,1254504152.0,1560251407.0,25154173185.0,4544623650.0,6296082804.0,3942104355.0,2587796812.0,837725649.0,94996172814.0,581568999.0,119075145.0,469979377.0,981765355.0
03-10-21,1233383425.0,3186670815.0,56772343595.0,1147959108.0,952021130.0,3633460869.0,1048527347.0,1375292625.0,24013132909.0,4676132222.0,4823154653.0,4102967092.0,2419730820.0,762752864.0,93576067866.0,493136434.0,249474324.0,346350347.0,576926296.0
03-11-21,1287767221.0,3326213717.0,55689944702.0,1047735920.0,932051704.0,4224893051.0,1012487778.0,1348994992.0,22435821312.0,3960814749.0,8079722567.0,4017236783.0,2278828908.0,728134064.0,99392797660.0,494597092.0,155149915.0,411385026.0,1620692837.0
03-12-21,1869833076.0,3212270555.0,60669829814.0,1481862952.0,1078554244.0,5871086058.0,949448369.0,2098551189.0,25014689475.0,2903774859.0,6378541696.0,4596011006.0,2846279280.0,778001153.0,105301861825.0,571389163.0,100001907.0,379938260.0,632004372.0
03-13-21,2752132530.0,2509435800.0,43901225564.0,1134554617.0,788965241.0,3738147940.0,980555582.0,1468032009.0,19344589211.0,2044273970.0,4537627844.0,3841351549.0,2507425905.0,684113857.0,83527066354.0,610191652.0,68673781.0,306551113.0,320702965.0
03-14-21,1738710876.0,3116009271.0,66419369890.0,1301008665.0,979911106.0,4545451677.0,955206738.0,1793092433.0,26244738810.0,2488528410.0,6186375403.0,3867342609.0,2524305510.0,775300526.0,110958014435.0,700492723.0,131226854.0,389125656.0,637645156.0
03-15-21,1393771913.0,7382009786.0,59749798599.0,1120201396.0,1172225532.0,9502962157.0,820597601.0,1736903544.0,23828509590.0,2425543830.0,5270029739.0,3487143846.0,2758464449.0,717751978.0,101176062799.0,537410059.0,115576699.0,388669384.0,661059616.0
03-16-21,861926643.0,4341765347.0,60258313191.0,959502545.0,931660142.0,10046495758.0,784151205.0,2149834412.0,24512917348.0,2271426252.0,4362001168.0,2658649338.0,1939272992.0,1441145222.0,94297363539.0,554826263.0,91958467.0,578580028.0,470913790.0
03-17-21,909777445.0,3265976425.0,55746041000.0,753948208.0,857862584.0,11392835545.0,786601756.0,1367777853.0,23263845504.0,2445995134.0,3719561575.0,2482168468.0,2358251506.0,992444669.0,87360030730.0,495146902.0,78526765.0,486669786.0,291368258.0
03-18-21,964747809.0,2626051305.0,49063873786.0,653393039.0,779831001.0,7970282918.0,626166437.0,2078396867.0,21249297710.0,1873443830.0,2807932048.0,2257159270.0,1673424212.0,685265259.0,78992617747.0,462247967.0,66857921.0,304879540.0,335595926.0
03-19-21,1012934488.0,6757879312.0,50361731222.0,765654172.0,1573144660.0,4316999916.0,629890585.0,4489856636.0,22677674970.0,2004752539.0,2529075165.0,2007491933.0,2078834653.0,624969772.0,78910215980.0,452804822.0,202150692.0,405198611.0,278240360.0
03-20-21,759592996.0,5539749484.0,51943414539.0,772462921.0,1202061273.0,4064084727.0,645971747.0,2696917321.0,22977404620.0,1718563711.0,2758761604.0,1943933987.0,1967888878.0,628815378.0,75434025575.0,534299989.0,115996902.0,332015093.0,238258992.0
03-21-21,696918565.0,9732075816.0,56521454974.0,909034193.0,1398256291.0,4058067310.0,676973660.0,2264417503.0,23599296129.0,2323911466.0,3115325434.0,2541092748.0,2328404382.0,765224635.0,86052511859.0,555009867.0,234524478.0,422811734.0,405004499.0
03-22-21,1040781777.0,7610195005.0,56435023914.0,1355496005.0,1103779839.0,4609407773.0,687882091.0,2098616731.0,21998237965.0,2010488139.0,3047428308.0,2812731005.0,2210949899.0,764815960.0,87718238071.0,626403251.0,608822781.0,383313424.0,244250165.0
03-23-21,934537959.0,5446433135.0,70567223787.0,955942125.0,976328018.0,3759287517.0,671612180.0,2379532803.0,31228051473.0,2385752951.0,4051272249.0,2544422048.0,2537516570.0,1026323869.0,97177670255.0,633189682.0,249804207.0,601332506.0,268069310.0
03-24-21,1084214116.0,6061921454.0,67999812841.0,915262697.0,1066307446.0,5732698268.0,724149733.0,2012758050.0,29650328701.0,2314734091.0,3429325350.0,2428634157.0,2217667316.0,732209968.0,97273950074.0,530304578.0,187851894.0,442346277.0,227260955.0
03-25-21,776280028.0,5807865028.0,56652197978.0,756466306.0,905696765.0,6325795912.0,525507651.0,3063327253.0,22548516548.0,2099285452.0,3109769980.0,2244829965.0,2520035820.0,612775077.0,82935770974.0,418168581.0,154833209.0,290528193.0,225381955.0
03-26-21,753844053.0,3684247475.0,47266542233.0,657272572.0,716032418.0,3106871131.0,551880419.0,2597894844.0,18102277710.0,2457659540.0,2408040965.0,1806636009.0,1511517011.0,615431028.0,73586222744.0,437526797.0,117196485.0,229458747.0,183396834.0
03-27-21,460472975.0,2795107715.0,47686580918.0,626362299.0,1322103231.0,2397009016.0,511666410.0,1522344813.0,16599472938.0,2527142069.0,2162823815.0,1929011914.0,1510300049.0,1065606459.0,69313550904.0,561911793.0,102951807.0,283965613.0,305059407.0
03-28-21,537919140.0,3549650231.0,57625587027.0,793403663.0,932211824.0,2554597106.0,674897514.0,1402334471.0,22796570548.0,2067448661.0,3353971422.0,2112034391.0,1568669153.0,747289005.0,80873581836.0,537098413.0,139460537.0,422631252.0,294309825.0
03-29-21,728906171.0,3831603058.0,54414116432.0,871468963.0,883027112.0,2517422843.0,608640495.0,1764948843.0,22512781703.0,4039620710.0,3604665752.0,2059097801.0,1621669746.0,591278786.0,82702790409.0,530500223.0,139271769.0,418152029.0,367578694.0
03-30-21,653389282.0,4849764990.0,65520826225.0,1414616249.0,1052641432.0,3190463749.0,806868682.0,11940378031.0,30226902621.0,3545493416.0,3416343750.0,3098623015.0,3728812070.0,1531434094.0,111253962206.0,860549600.0,134359847.0,484890343.0,347426632.0
03-31-21,5816046822.0,4725008531.0,61669163792.0,1318418510.0,1465378533.0,2309789364.0,1038026951.0,6635312741.0,30914259795.0,3718677616.0,3871809467.0,3271470706.0,6677890047.0,1428270674.0,108310288784.0,614730542.0,164348597.0,843318627.0,287304381.0
04-01-21,2166925111.0,5404854336.0,58727860620.0,1423061752.0,2189259118.0,2909026267.0,1035973631.0,4510763618.0,34862511022.0,3950524039.0,4095228243.0,3469842740.0,7616094057.0,954542096.0,103736039046.0,632524815.0,127639601.0,520174537.0,326485211.0
04-02-21,1136931403.0,6757992981.0,59641344484.0,1249465436.0,1617541085.0,3355350115.0,869640080.0,9374928775.0,32011518871.0,2953164849.0,4020429578.0,3188458792.0,6524790862.0,1148757420.0,109584392991.0,528312209.0,113918483.0,461611096.0,783766717.0
04-03-21,938035097.0,4613898769.0,50749662970.0,1073143924.0,1213059845.0,2166855014.0,1852340608.0,11560343178.0,26006501902.0,3200674446.0,2866830149.0,2212661584.0,5509488695.0,835507271.0,99459708393.0,602319017.0,80256994.0,316237486.0,396224823.0
04-04-21,1513832721.0,26415199263.0,60706272115.0,1785209149.0,4476131328.0,2992739340.0,1317240464.0,13973157818.0,28889391170.0,4073047973.0,4789647554.0,4920959551.0,7697985976.0,1207155685.0,132303093446.0,488580114.0,247742956.0,1293894766.0,764387009.0
04-05-21,2608613912.0,36955175105.0,66058027988.0,2841602885.0,4717764852.0,6301229657.0,1365215746.0,10316828261.0,29222865881.0,5277448222.0,9267495720.0,5604369783.0,7248071212.0,1992273501.0,145941395057.0,575073239.0,212320166.0,1356649388.0,1437195042.0
04-06-21,2857060849.0,21942171678.0,75645303584.0,4946490947.0,2697133800.0,4771395490.0,1910141132.0,9491738033.0,36116271935.0,5976362849.0,8711169124.0,6575528211.0,7288183219.0,2265282906.0,161005666625.0,737672836.0,167734929.0,923928411.0,744678306.0
04-07-21,1055257541.0,12888349509.0,53053855641.0,2265440249.0,1584288709.0,2315835365.0,922046589.0,6339334762.0,25312956529.0,4550316562.0,4532286410.0,3400288881.0,3721053777.0,1085619455.0,100309980611.0,540134380.0,283779452.0,568430246.0,344313720.0
04-08-21,1060465774.0,10235269531.0,46655208546.0,1331482647.0,1072231147.0,1678933674.0,685526584.0,3535987595.0,19812472092.0,4701175013.0,3137324847.0,2599328081.0,2554566007.0,757962039.0,86500025530.0,554909467.0,238101855.0,863305780.0,254559948.0
04-09-21,1369793118.0,25547794935.0,58238470525.0,1800282748.0,3632750033.0,2481275569.0,961172191.0,4226862320.0,24986243611.0,6160670397.0,6686630635.0,3288833580.0,2803164799.0,797140734.0,111560200798.0,657263547.0,294920100.0,858200532.0,272092279.0
04-10-21,6646627317.0,21224874412.0,46280252580.0,1686351598.0,5784803709.0,3636786443.0,1007061046.0,3489511001.0,19692836132.0,5697422904.0,6786514965.0,3830293616.0,2991045208.0,1094414579.0,100277986732.0,747027382.0,214149883.0,481544139.0,435141750.0
04-11-21,2687720380.0,13216559312.0,51828688519.0,1333744032.0,2677108329.0,4918248258.0,915233947.0,6239467781.0,21727936609.0,14436315725.0,5220366581.0,2934933652.0,2233970727.0,909636725.0,106711464727.0,855161646.0,148047432.0,476488894.0,219778087.0
04-12-21,7176815090.0,31123574741.0,69983454362.0,1841866798.0,4359650544.0,5896543066.0,993026557.0,8237122751.0,29456642939.0,9433830832.0,6908471654.0,4536646606.0,3764887683.0,1026967257.0,137132738350.0,690349553.0,243013333.0,548035523.0,225166538.0
04-13-21,20977679327.0,29025829007.0,77451779687.0,2105367284.0,3686360458.0,9596107541.0,1611215742.0,7445604413.0,35592822986.0,7452346448.0,8215124752.0,7265770869.0,5286448220.0,1297291821.0,172073450566.0,591323578.0,237189514.0,670982150.0,344589797.0
04-14-21,17916620386.0,15403982671.0,60954381579.0,3896283267.0,1884434890.0,5337358369.0,1258154914.0,8681561025.0,32325606817.0,4608061831.0,6470712244.0,5161090414.0,3047268434.0,1083401740.0,134206127794.0,650241197.0,142998948.0,610799451.0,226538174.0
04-15-21,69410680685.0,20594074869.0,84293007468.0,10635029251.0,2279497102.0,5692183858.0,2865337404.0,9411593702.0,36196928256.0,6886285728.0,11850832933.0,13562048894.0,6831192035.0,2918450447.0,232378434390.0,737981251.0,542778751.0,1150136370.0,442968385.0
04-16-21,31413404067.0,14507135285.0,66138759198.0,9132671645.0,1747763981.0,4058018560.0,2231516733.0,7661537252.0,32349808978.0,5195399091.0,13254117896.0,11342338922.0,5356728906.0,3536782804.0,178501336545.0,888937212.0,352398741.0,629878681.0,805895820.0
04-17-21,23464350388.0,22933939682.0,97468872758.0,6861788500.0,2642964343.0,7454680286.0,2505947999.0,7549173251.0,50696368718.0,6711806048.0,13129808269.0,11408448671.0,7192905833.0,5525314096.0,226468468195.0,1064304406.0,600269754.0,983384352.0,577800077.0
04-18-21,30641432779.0,17637508685.0,65344865159.0,4391182156.0,1896493046.0,5665978235.0,1957877989.0,5266036570.0,34060654971.0,7141301320.0,9384818110.0,8210144054.0,4744920780.0,7084389598.0,169646878924.0,1052097012.0,411576193.0,619532952.0,302334959.0
04-19-21,28130646191.0,15562116615.0,67849323955.0,3696862219.0,1793260649.0,4855633658.0,2203496699.0,5231143613.0,39433483315.0,9330924061.0,9446199109.0,8030877946.0,4310943140.0,4730215089.0,171214521691.0,1801691135.0,419972303.0,651401613.0,268198771.0
04-20-21,12723463706.0,12545052977.0,54926612466.0,2464254899.0,1483729152.0,4078624182.0,1536839516.0,3024231904.0,38899067643.0,8456300946.0,7698253801.0,6416416471.0,3303431517.0,2095133284.0,130529572776.0,1359514795.0,250028992.0,412418514.0,193958663.0
04-21-21,11879823706.0,14899537552.0,74798630778.0,4988827208.0,1696917155.0,4693396293.0,1502504913.0,4066582030.0,53575904724.0,8342960849.0,9862940091.0,6610919178.0,3926905841.0,2574376074.0,166853483576.0,866564263.0,280980689.0,516585942.0,251338212.0
04-22-21,16165566164.0,20235915090.0,86668667320.0,4530870972.0,2437398588.0,7196378408.0,1878698066.0,6294975868.0,55413933925.0,8893557870.0,9252716255.0,7204033430.0,5478351238.0,2920194502.0,200928310345.0,1057183278.0,415875548.0,705207942.0,541834184.0
04-23-21,11057578568.0,8586287312.0,49014494781.0,1855281855.0,1406030264.0,3566224272.0,964012143.0,3719956116.0,31854226936.0,4070234640.0,4567973779.0,3509395352.0,2180396383.0,1703095279.0,105265165685.0,808797431.0,194456502.0,266216963.0,211107382.0
04-24-21,6849914675.0,8573604939.0,46117114240.0,1960770020.0,1131194565.0,2465672138.0,838949843.0,2540298957.0,31814355546.0,3419309603.0,3703413398.0,3257040348.0,2008570489.0,1912662269.0,91733321074.0,725353196.0,210839572.0,226612139.0,171795835.0
04-25-21,5118886527.0,15417459290.0,58284039825.0,1890402741.0,1580164878.0,3201086934.0,800203091.0,2892838739.0,35208325408.0,4072866875.0,4935577761.0,3760438246.0,2946016096.0,1560122358.0,114746493323.0,717950425.0,307263154.0,371471143.0,209778146.0
04-26-21,3590611310.0,13584693517.0,49448222757.0,2039178894.0,1554353642.0,2985492683.0,753391271.0,3041272610.0,32275969215.0,4050720272.0,4605576124.0,3620498787.0,2431588016.0,1381724943.0,100848882802.0,602102807.0,242344952.0,292903850.0,250552114.0
04-27-21,14464343767.0,9272726011.0,48000572955.0,2635029772.0,1117111605.0,2981476669.0,822105758.0,2371003551.0,34269031076.0,3648784689.0,4235575377.0,3864350281.0,1910474909.0,1253277647.0,107174178546.0,916274319.0,276765146.0,273571575.0,241443688.0
04-28-21,5027354503.0,7633164142.0,46088929780.0,1644247877.0,879179804.0,3997566407.0,623712344.0,1872811999.0,32578127990.0,6585918998.0,3555940124.0,2631715599.0,1638896733.0,974934736.0,93716158086.0,576292236.0,191635759.0,212231938.0,251506880.0
04-29-21,5290390982.0,14160854005.0,52395931985.0,1769693902.0,1485447208.0,2691072833.0,1018489951.0,2368983198.0,29777179889.0,5741358048.0,3898872713.0,3816064836.0,2081214804.0,1282256793.0,99120376275.0,562822279.0,166012179.0,251478714.0,196021022.0
04-30-21,10123343703.0,8206771323.0,42836427360.0,4173185417.0,1056846205.0,2030816122.0,673913060.0,1935148532.0,28726205272.0,4065705136.0,3611805752.0,3302890217.0,1791329540.0,1262257709.0,93561408428.0,549094538.0,122756702.0,212374738.0,161882504.0
05-01-21,8040406918.0,6933641361.0,38177405335.0,4473424689.0,1396734702.0,1994291746.0,550401852.0,1746230679.0,28032013047.0,3765184551.0,3118501264.0,2712905992.0,2389953303.0,1799882809.0,87140031400.0,411111121.0,110352187.0,185277548.0,147653698.0
05-02-21,10526649978.0,7612512785.0,51713139031.0,5107814937.0,1414103796.0,2398404766.0,991104776.0,2740304989.0,49174290212.0,5274868721.0,5172505234.0,3514913500.0,2535710707.0,1569219705.0,115365514515.0,528755188.0,173128088.0,329679293.0,201617683.0
05-03-21,38238126181.0,12855752789.0,68564706967.0,13630779722.0,1615564898.0,3342089372.0,2036926537.0,2897234578.0,62402045158.0,5728175230.0,11541253990.0,5581505479.0,4895316460.0,1799534446.0,184507815469.0,593924461.0,226246383.0,467757263.0,210073318.0
05-04-21,42525098292.0,13318453320.0,69241316747.0,23543754709.0,2837953135.0,4797068103.0,2149183028.0,5159319860.0,48334198383.0,4248449283.0,13183539068.0,14081332554.0,8595643987.0,2275901051.0,194666058568.0,547385085.0,202997139.0,731817507.0,407724627.0
05-05-21,18989900291.0,16099528279.0,69523285106.0,42721411413.0,4880860756.0,10679657004.0,2354235329.0,6468289634.0,44300394788.0,3975000211.0,10441211171.0,14871286058.0,20328710732.0,3635237001.0,209142160582.0,709715623.0,465644158.0,1327029958.0,587911889.0
05-06-21,28615083657.0,10400571927.0,68434023376.0,31255577303.0,3018476550.0,7324573762.0,2133850618.0,6775689483.0,39607240515.0,3658116306.0,11094872192.0,9450311296.0,13781610826.0,4329462074.0,195953903780.0,1783650459.0,416207652.0,1098865286.0,540143741.0
05-07-21,25555125135.0,6349608020.0,65382980634.0,19606452022.0,1673520774.0,3959173109.0,1135391473.0,3500456762.0,50208491286.0,3910931715.0,6775459938.0,7091316071.0,7625978127.0,1925727780.0,154970468014.0,824972215.0,181802663.0,506919654.0,235364257.0
05-08-21,46138063928.0,8243079607.0,65906690347.0,13429218382.0,2060435745.0,8065503276.0,1217318310.0,3448515635.0,50568290278.0,4321052943.0,9835832552.0,5982135477.0,7180485636.0,1895338677.0,177124716916.0,598455194.0,191188692.0,368975384.0,233770264.0
05-09-21,16514521828.0,11181774844.0,71776546298.0,14313956067.0,6716066186.0,6463330466.0,1322050147.0,4063896699.0,62691789007.0,5157435389.0,13240769672.0,9778335896.0,7999780398.0,1753449419.0,196654261473.0,666267539.0,230915721.0,466697298.0,275194867.0
05-10-21,14566975476.0,7973181908.0,61308396325.0,11373003544.0,4500602885.0,5428571805.0,1517364881.0,4099303989.0,52679737865.0,4865455319.0,8798204078.0,8507115276.0,19747287698.0,1876036194.0,175304543466.0,610337288.0,153407997.0,699261962.0,238013356.0
05-11-21,8621337859.0,9272699846.0,75215403907.0,9277358255.0,2788838782.0,5338469591.0,1642234881.0,4360921578.0,69023382175.0,4311561442.0,8782996412.0,8940812629.0,13854199527.0,1608898991.0,179881127372.0,640553003.0,174148551.0,635615505.0,226160094.0
05-12-21,18663174069.0,12358993946.0,96721152926.0,11340588570.0,3672409153.0,14513419581.0,1451316249.0,4797998918.0,78398214539.0,7417114170.0,9777636796.0,9987052496.0,11187943344.0,1875821083.0,238503239903.0,624563561.0,324305459.0,597989095.0,284680789.0
05-13-21,20466177002.0,7570332417.0,55737497453.0,12253450514.0,3235407543.0,7654204713.0,823757437.0,3126225399.0,48174271215.0,3735474448.0,6413801038.0,5514988209.0,7137913354.0,1205534483.0,157669573391.0,422174265.0,166616858.0,352421390.0,156395370.0
05-14-21,9836892944.0,13321419261.0,59161047474.0,10228314533.0,4130301427.0,15517858775.0,878121486.0,3290167007.0,42422321751.0,3480395174.0,5642887118.0,5304828008.0,7734453857.0,1108751340.0,160240116663.0,674489822.0,125964705.0,328457043.0,152406240.0
05-15-21,9541552064.0,12405363634.0,64047871555.0,7457832416.0,5094441207.0,12524150427.0,904943002.0,3644579995.0,47359478734.0,4047395255.0,5522282426.0,5122033903.0,5361946059.0,1270581575.0,156189820298.0,474889086.0,393488846.0,363052358.0,175456194.0
05-16-21,7330830504.0,13573485606.0,74903638450.0,8050265428.0,3497099452.0,11250259740.0,1192175519.0,3088970039.0,54061732774.0,5123430659.0,6426443389.0,6580396012.0,6305582701.0,1442453721.0,174105627753.0,479550383.0,232678231.0,364380167.0,227741662.0
05-17-21,4802902841.0,14847139298.0,56187365084.0,6764331594.0,2692243772.0,6744829200.0,778949956.0,2432893290.0,40416525218.0,3548216902.0,7572089848.0,4635705785.0,4465076152.0,951455435.0,139497732905.0,347828077.0,165240711.0,424591472.0,149908608.0
05-18-21,15072620946.0,20523476458.0,126358098747.0,10670122121.0,4216540503.0,16313794033.0,1520836203.0,4661555306.0,84482912776.0,8779943654.0,11449368854.0,10094456486.0,9428366959.0,1775329352.0,279067455600.0,745701764.0,402097339.0,731846127.0,321712299.0
05-19-21,12415484460.0,13626658452.0,88281943359.0,9733835035.0,2728401423.0,11788522531.0,1527436886.0,2897823918.0,67610826680.0,7093839295.0,8294595618.0,8035772953.0,5731291548.0,1400027607.0,203389167819.0,872530333.0,237013984.0,468219028.0,214830267.0
05-20-21,7452862203.0,10998911191.0,82051616861.0,8127575426.0,2137903903.0,9055414507.0,1146362883.0,2636925196.0,53774070802.0,6291181865.0,6827729891.0,7998797485.0,4622604099.0,1272610696.0,175788781082.0,1171333242.0,241776503.0,353273930.0,170549277.0
05-21-21,5243222352.0,8750076614.0,57377273240.0,5398882569.0,1654933818.0,6572397780.0,970168073.0,1963047915.0,42089937660.0,3871242832.0,5184597505.0,5302068385.0,2931374687.0,915331202.0,123183907998.0,663712170.0,141539343.0,231796491.0,136454194.0
05-22-21,7143545371.0,10816054413.0,78469274361.0,6820065999.0,2168248423.0,9297651823.0,1140479438.0,2311184087.0,56005721977.0,5336233746.0,6847843143.0,6340421631.0,3539609824.0,1104889737.0,166357484552.0,715346434.0,193499478.0,309943813.0,148129175.0
05-23-21,6821088755.0,8239461926.0,67359584098.0,8536319378.0,2433154244.0,7365907636.0,1070621226.0,2612529960.0,53697121740.0,6066277282.0,5615445186.0,5693828648.0,3567180210.0,977769961.0,150726607629.0,470362123.0,168562899.0,266078711.0,164546853.0
05-24-21,5544552739.0,8637179369.0,56211915803.0,11026112416.0,1995356890.0,5723130829.0,1085999061.0,2517356854.0,49558333256.0,5656677341.0,5221949811.0,5635417781.0,4015099322.0,1202535113.0,133337899988.0,429822335.0,113719283.0,246779117.0,132479428.0
05-25-21,3355793260.0,6376977398.0,51346735160.0,6584747586.0,1739319175.0,6638876193.0,939752408.0,2452202470.0,42499766020.0,4502557689.0,4409113332.0,3804200045.0,3527450367.0,883446421.0,115346863805.0,366226752.0,156011520.0,242177805.0,133366348.0
05-26-21,2485942309.0,5204084865.0,43210968721.0,4931141867.0,1382884710.0,4266751905.0,617079236.0,1881157842.0,33373635283.0,3965850350.0,4104509375.0,3539930955.0,5693667680.0,953624784.0,98115089359.0,320841925.0,106844210.0,233079973.0,119556024.0
05-27-21,3289455640.0,6082828979.0,55200191952.0,7253044146.0,1567740989.0,5373114660.0,705882785.0,1935535999.0,39999114805.0,4482824807.0,4842770593.0,4381620234.0,5035168990.0,836335164.0,114444985848.0,483258612.0,97591396.0,252625778.0,139814456.0
05-28-21,2470710737.0,5156278121.0,45231013335.0,4719305772.0,1377823083.0,3902596499.0,890563201.0,1715969409.0,33773720220.0,3070017878.0,4442221955.0,3431855859.0,4114768922.0,605976911.0,93338666927.0,648796097.0,61905361.0,182325460.0,105545043.0
05-29-21,1929947933.0,4077064725.0,31646080921.0,3798698595.0,887569757.0,4974774760.0,546210949.0,1308704706.0,25876619428.0,3246314973.0,3015850344.0,2530933937.0,2854592151.0,498842900.0,76081689608.0,314970461.0,57995132.0,139074009.0,89878379.0
05-30-21,2440829325.0,6277821474.0,39009847639.0,3476431785.0,1054749322.0,4491096277.0,564620078.0,1317577084.0,31007383150.0,3865691845.0,3347105582.0,2736460092.0,2659523175.0,502797703.0,87983357586.0,282750686.0,63213760.0,154781633.0,96029718.0
05-31-21,5796031087.0,5606414479.0,34639423297.0,3205445345.0,1518957701.0,4123980990.0,513333529.0,1680627011.0,27363223090.0,3425775257.0,2965166592.0,2680399959.0,2310392999.0,623560146.0,84110288079.0,303059899.0,72038953.0,181070655.0,98722631.0
06-01-21,11425588479.0,3598008182.0,33070867190.0,2843370083.0,991387652.0,3453620094.0,563175755.0,1309569035.0,27723267359.0,4486850584.0,2808932742.0,2085428216.0,1919767860.0,651849499.0,80399629557.0,301842321.0,121307369.0,153195736.0,77593469.0
06-02-21,6809900030.0,3661357809.0,35460750427.0,2913129860.0,809908091.0,3443770332.0,562713903.0,1309491953.0,30038207402.0,4370188399.0,2854571398.0,2286280619.0,1794689102.0,792852055.0,79950612936.0,366249438.0,147654469.0,123196132.0,90897046.0
06-03-21,5889983048.0,4638523697.0,41831090187.0,3607554276.0,978141224.0,4583062567.0,589470633.0,1607401363.0,34173841611.0,4951450795.0,3123327190.0,2533308529.0,1942802506.0,676502827.0,92563710563.0,403964500.0,117817440.0,154175020.0,109614768.0
06-04-21,3464039041.0,3257149049.0,35959473399.0,3137036325.0,872412181.0,2969362191.0,474716119.0,1256512914.0,30496672724.0,3956143113.0,2626658227.0,2116275969.0,1520343210.0,619127203.0,74062610826.0,338579839.0,110055190.0,110739255.0,99225049.0
06-05-21,1836611411.0,2308242807.0,28913440585.0,2618835050.0,630132229.0,1748045655.0,427376367.0,941526755.0,25311639414.0,2101917655.0,2250385468.0,1506122550.0,1120555955.0,436062693.0,54108953419.0,231751973.0,62717356.0,195221107.0,84255612.0
06-06-21,3043974994.0,3466113432.0,33683936663.0,2868782848.0,668258023.0,2644319967.0,445520961.0,1014355949.0,30600111277.0,2927240962.0,2497621711.0,1905638841.0,1526919598.0,449046163.0,70487554952.0,262686065.0,106296725.0,314353754.0,87266392.0
06-07-21,3918487504.0,4491339501.0,49902050442.0,3791046087.0,943710872.0,4318242183.0,523814825.0,1564333796.0,41909736778.0,4491122307.0,3333355082.0,2877121838.0,2403746236.0,622612802.0,96727203765.0,365399076.0,137886475.0,266818102.0,94018710.0
06-08-21,3154332929.0,3990884688.0,53972919008.0,4113067210.0,914569105.0,3551319865.0,533792701.0,1277102996.0,36075832186.0,3543408536.0,3251347235.0,2424388228.0,2086350950.0,654677096.0,92231696007.0,370823882.0,113364983.0,180061010.0,98169054.0
06-09-21,2114010549.0,3157272780.0,43576032854.0,3163850050.0,822163707.0,2366588153.0,435046712.0,1488792119.0,28753626390.0,2505012942.0,2639779895.0,1940156625.0,1659804370.0,621331849.0,72706032485.0,314981209.0,77121344.0,120986528.0,79409647.0
06-10-21,1834446577.0,2502880892.0,38699736985.0,2907275844.0,748666312.0,2477031735.0,378137090.0,1257136952.0,24832564195.0,2269923678.0,2518234370.0,1715350886.0,1679245571.0,440927036.0,62233050872.0,241920364.0,63292070.0,96639450.0,68705444.0
06-11-21,1605633791.0,2731548390.0,37924228550.0,2621237907.0,848257045.0,2801038421.0,386661021.0,949381460.0,25724364410.0,2146761411.0,2207409008.0,1786736797.0,1400097314.0,385259889.0,62020661713.0,191158127.0,59504950.0,100290170.0,63315060.0
06-12-21,1484851447.0,3059837086.0,40669112838.0,2644959954.0,783830045.0,2785909000.0,390841392.0,927457428.0,27092945370.0,2171880359.0,2041213335.0,1578903640.0,1220333619.0,399683824.0,62855843708.0,172816271.0,53861582.0,105881153.0,60557702.0
06-13-21,1613812023.0,3005221040.0,43148914673.0,2789936710.0,765281329.0,2543903347.0,392726190.0,937971750.0,26964576331.0,2271215183.0,1960141206.0,1552154786.0,1211494792.0,430733359.0,64693139740.0,187535189.0,51130540.0,108419435.0,64270665.0
06-14-21,1687965230.0,3585820721.0,46420149185.0,2398590865.0,884436203.0,2553205553.0,433727706.0,997561624.0,29005279219.0,2246535807.0,2459814443.0,1736113953.0,1438399107.0,485103631.0,69666548571.0,248416884.0,48962301.0,97606153.0,70678833.0
06-15-21,1391720788.0,2916163481.0,39211635100.0,2071407832.0,814399660.0,2139361752.0,392735595.0,1076935627.0,24101926180.0,1626149384.0,2211208641.0,1629936616.0,1259759537.0,392390748.0,60779453764.0,222847776.0,45484796.0,78686341.0,68091669.0
06-16-21,1120766442.0,2684672890.0,37096670047.0,1772611691.0,697753372.0,1731974000.0,380577679.0,1048499053.0,21871633186.0,1379161855.0,2010202177.0,1426459812.0,909736516.0,333809419.0,55428282562.0,194978104.0,33815655.0,180844527.0,50750400.0
06-17-21,1846213589.0,2509639518.0,36200887275.0,1876860732.0,507029821.0,2128905021.0,332212067.0,1070084460.0,22752818388.0,1613940591.0,2163514007.0,1642573263.0,996883872.0,326896306.0,58250506049.0,277892540.0,39885516.0,117706405.0,57950333.0
06-18-21,1003248258.0,2208439278.0,31207279719.0,1634610713.0,375747048.0,1829155405.0,350474201.0,767687152.0,18765854896.0,1140833816.0,1718599931.0,1287962730.0,801768840.0,234060996.0,48324762375.0,264783505.0,42059039.0,75379454.0,51530851.0
06-19-21,,,,,,,,,,,,,,,,,,,
06-20-21,1919948800.0,2871712512.0,35957534720.0,1737819776.0,466547040.0,2298984960.0,364069920.0,829911168.0,21983596544.0,1738566528.0,1900390272.0,1421933056.0,971112448.0,331073824.0,56151605248.0,214638384.0,52405504.0,77841752.0,62008760.0
