,GME,AMC,BB,NOK,TSLA,SNDL,NIO,NAKD,AMD,AAPL,TLRY,WKHS,MVIS,CLNE,AAL,APHA,CTRM,BBBY,PRPL,MSFT
06-22-20,4.869999885559082,5.329999923706055,5.119999885559082,4.329999923706055,198.86399841308594,0.8519999980926514,7.429999828338623,0.8050000071525574,54.7599983215332,89.71749877929688,8.40999984741211,5.920000076293945,1.7400000095367432,2.1500000953674316,14.920000076293945,5.309628009796143,0.6399999856948853,9.970000267028809,18.600000381469727,200.57000732421875
06-23-20,4.829999923706055,5.099999904632568,5.099999904632568,4.329999923706055,200.3560028076172,0.9100000262260437,7.230000019073486,0.7480000257492065,53.9900016784668,91.63249969482422,8.5600004196167,6.949999809265137,1.4700000286102295,2.1600000858306885,14.0,5.285765171051025,0.6299999952316284,10.239999771118164,18.200000762939453,201.91000366210938
06-24-20,4.409999847412109,4.789999961853027,4.920000076293945,4.199999809265137,192.1699981689453,0.8500000238418579,6.860000133514404,0.7400000095367432,52.38999938964844,90.01499938964844,8.149999618530273,8.510000228881836,1.4600000381469727,2.0899999141693115,13.039999961853027,5.1067891120910645,0.4269999861717224,9.350000381469727,17.950000762939453,197.83999633789062
06-25-20,4.460000038146973,4.269999980926514,4.849999904632568,4.449999809265137,197.1959991455078,0.8489999771118164,7.079999923706055,0.7202000021934509,51.93000030517578,91.20999908447266,8.550000190734863,8.5600004196167,1.4299999475479126,2.130000114440918,13.170000076293945,5.047130107879639,0.46700000762939453,9.479999542236328,18.25,200.33999633789062
06-26-20,4.349999904632568,4.179999828338623,4.71999979019165,4.340000152587891,191.947998046875,0.8029999732971191,6.900000095367432,0.6301000118255615,50.099998474121094,88.40750122070312,7.949999809265137,9.899999618530273,1.3200000524520874,2.009999990463257,12.380000114440918,4.856222152709961,0.41200000047683716,10.050000190734863,17.25,196.3300018310547
06-29-20,4.380000114440918,4.420000076293945,4.800000190734863,4.349999904632568,201.8699951171875,0.8159999847412109,7.230000019073486,0.6675999760627747,50.279998779296875,90.44499969482422,7.710000038146973,14.510000228881836,1.340000033378601,2.190000057220459,13.319999694824219,5.118720054626465,0.39500001072883606,10.819999694824219,18.1299991607666,198.44000244140625
06-30-20,4.340000152587891,4.289999961853027,4.889999866485596,4.400000095367432,215.96200561523438,0.7990000247955322,7.71999979019165,0.6525999903678894,52.61000061035156,91.19999694824219,7.110000133514404,17.389999389648438,1.3600000143051147,2.2200000286102295,13.069999694824219,5.118720054626465,0.4000000059604645,10.600000381469727,18.0,203.50999450683594
07-01-20,4.440000057220459,4.570000171661377,4.78000020980835,4.349999904632568,223.92599487304688,0.8040000200271606,7.909999847412109,0.6811000108718872,52.58000183105469,91.02749633789062,7.010000228881836,19.18000030517578,1.4500000476837158,2.1700000762939453,12.8100004196167,5.202242851257324,0.36800000071525574,10.640000343322754,18.1299991607666,204.6999969482422
07-02-20,4.289999961853027,4.53000020980835,4.849999904632568,4.440000057220459,241.73199462890625,0.7839999794960022,9.380000114440918,0.6589999794960022,52.34000015258789,91.02749633789062,6.960000038146973,20.90999984741211,1.4700000286102295,2.1600000858306885,12.5,5.130651950836182,0.32899999618530273,10.8100004196167,18.06999969482422,206.25999450683594
07-06-20,4.239999771118164,4.28000020980835,5.019999980926514,4.599999904632568,274.3160095214844,0.8100000023841858,11.510000228881836,0.6439999938011169,53.400001525878906,93.4625015258789,7.849999904632568,17.610000610351562,1.5399999618530273,2.299999952316284,12.800000190734863,5.2261061668396,0.33899998664855957,10.760000228881836,18.760000228881836,210.6999969482422
07-07-20,4.090000152587891,4.130000114440918,4.800000190734863,4.309999942779541,277.97198486328125,0.7699999809265137,13.220000267028809,0.6255000233650208,52.93000030517578,93.17250061035156,7.699999809265137,16.850000381469727,1.4500000476837158,2.2100000381469727,11.90999984741211,5.166447162628174,0.32899999618530273,10.239999771118164,18.420000076293945,208.25
07-08-20,4.260000228881836,4.429999828338623,4.840000152587891,4.150000095367432,273.1759948730469,0.7799999713897705,12.880000114440918,0.6320000290870667,53.43000030517578,95.34249877929688,7.579999923706055,16.65999984741211,1.5099999904632568,2.859999895095825,11.989999771118164,5.142583847045898,0.3199999928474426,10.40999984741211,18.979999542236328,212.8300018310547
07-09-20,4.210000038146973,4.570000171661377,4.809999942779541,4.170000076293945,278.8559875488281,0.7919999957084656,14.569999694824219,0.5910000205039978,57.2599983215332,95.75250244140625,7.449999809265137,16.059999465942383,1.4900000095367432,3.0,11.180000305175781,4.99940299987793,0.3569999933242798,7.860000133514404,18.469999313354492,214.32000732421875
07-10-20,4.340000152587891,4.599999904632568,4.730000019073486,4.119999885559082,308.92999267578125,0.8109999895095825,14.979999542236328,0.5799999833106995,55.880001068115234,95.91999816894531,8.010000228881836,15.180000305175781,1.5,2.7200000286102295,11.9399995803833,5.130651950836182,0.34599998593330383,8.199999809265137,19.729999542236328,213.6699981689453
07-13-20,4.260000228881836,4.260000228881836,4.579999923706055,4.179999828338623,299.4119873046875,0.8399999737739563,13.84000015258789,0.5419999957084656,53.59000015258789,95.47750091552734,7.46999979019165,15.4399995803833,1.559999942779541,2.3499999046325684,11.630000114440918,5.58405876159668,0.257999986410141,7.730000019073486,18.049999237060547,207.07000732421875
07-14-20,4.079999923706055,4.21999979019165,4.579999923706055,4.320000171661377,303.3599853515625,0.8420000076293945,14.09000015258789,0.5329999923706055,54.720001220703125,97.05750274658203,7.570000171661377,16.5,1.6699999570846558,2.5799999237060547,11.569999694824219,5.619853973388672,0.2619999945163727,8.390000343322754,18.329999923706055,208.35000610351562
07-15-20,4.190000057220459,4.5,4.710000038146973,4.329999923706055,309.2019958496094,0.8799999952316284,13.520000457763672,0.5529999732971191,55.34000015258789,97.7249984741211,7.840000152587891,16.34000015258789,1.899999976158142,2.509999990463257,13.4399995803833,6.049396991729736,0.2549999952316284,8.880000114440918,19.329999923706055,208.0399932861328
07-16-20,4.170000076293945,4.380000114440918,4.650000095367432,4.239999771118164,300.12799072265625,0.9089999794960022,12.9399995803833,0.5649999976158142,54.91999816894531,96.52249908447266,7.679999828338623,15.829999923706055,2.3299999237060547,2.4700000286102295,12.449999809265137,6.049396991729736,0.2549999952316284,9.470000267028809,19.309999465942383,203.9199981689453
07-17-20,3.9600000381469727,4.269999980926514,4.800000190734863,4.389999866485596,300.1679992675781,0.8489999771118164,11.09000015258789,0.5562000274658203,55.040000915527344,96.32749938964844,7.329999923706055,14.930000305175781,2.7100000381469727,2.4800000190734863,11.90999984741211,6.0851922035217285,0.24899999797344208,9.220000267028809,19.030000686645508,202.8800048828125
07-20-20,3.8499999046325684,4.150000095367432,4.989999771118164,4.449999809265137,328.6000061035156,0.8349999785423279,12.819999694824219,0.5393000245094299,57.459999084472656,98.35749816894531,7.130000114440918,16.31999969482422,2.390000104904175,2.3299999237060547,11.470000267028809,6.180645942687988,0.2280000001192093,8.890000343322754,19.280000686645508,211.60000610351562
07-21-20,4.010000228881836,4.150000095367432,4.849999904632568,4.429999828338623,313.6719970703125,0.8109999895095825,12.880000114440918,0.5575000047683716,57.0,97.0,7.400000095367432,16.09000015258789,2.1500000953674316,2.4600000381469727,11.470000267028809,6.240304946899414,0.23399999737739563,9.430000305175781,19.110000610351562,208.75
07-22-20,4.110000133514404,4.03000020980835,4.789999961853027,4.5,318.46600341796875,0.7300000190734863,12.380000114440918,0.5699999928474426,61.790000915527344,97.27249908447266,7.25,16.40999984741211,2.259999990463257,2.4600000381469727,11.359999656677246,6.144851207733154,0.2280000001192093,10.0,18.93000030517578,211.75
07-23-20,4.110000133514404,4.059999942779541,4.739999771118164,4.369999885559082,302.614013671875,0.6990000009536743,12.149999618530273,0.558899998664856,59.56999969482422,92.84500122070312,7.349999904632568,15.600000381469727,2.0799999237060547,2.5399999618530273,11.770000457763672,6.1209869384765625,0.2199999988079071,10.15999984741211,19.170000076293945,202.5399932861328
07-24-20,4.03000020980835,4.0,4.650000095367432,4.300000190734863,283.3999938964844,0.6909999847412109,11.819999694824219,0.5537999868392944,69.4000015258789,92.61499786376953,7.119999885559082,15.145000457763672,2.0,2.490000009536743,11.390000343322754,6.097124099731445,0.20999999344348907,10.140000343322754,19.290000915527344,201.3000030517578
07-27-20,4.010000228881836,3.869999885559082,4.690000057220459,4.340000152587891,307.9200134277344,0.597000002861023,11.6899995803833,0.5787000060081482,68.97000122070312,94.80999755859375,7.369999885559082,15.729999542236328,2.059999942779541,2.4800000190734863,11.390000343322754,6.8488240242004395,0.19900000095367432,10.529999732971191,20.389999389648438,203.85000610351562
07-28-20,3.940000057220459,4.150000095367432,4.659999847412109,4.28000020980835,295.2980041503906,0.6299999952316284,12.270000457763672,0.5669999718666077,67.61000061035156,93.25250244140625,8.119999885559082,16.100000381469727,2.0299999713897705,2.450000047683716,11.770000457763672,7.159049987792969,0.20399999618530273,10.350000381469727,21.059999465942383,202.02000427246094
07-29-20,4.059999942779541,4.159999847412109,4.869999885559082,4.340000152587891,299.8219909667969,0.6050000190734863,12.699999809265137,0.5270000100135803,76.08999633789062,95.04000091552734,7.53000020980835,16.149999618530273,1.8899999856948853,2.4700000286102295,11.399999618530273,5.786898136138916,0.21199999749660492,10.850000381469727,22.6299991607666,204.05999755859375
07-30-20,4.099999904632568,4.119999885559082,4.739999771118164,4.449999809265137,297.49798583984375,0.5740000009536743,12.199999809265137,0.5123000144958496,78.19999694824219,96.19000244140625,7.53000020980835,16.420000076293945,2.0399999618530273,2.4600000381469727,11.180000305175781,5.870420932769775,0.20000000298023224,10.960000038146973,23.549999237060547,203.89999389648438
07-31-20,4.010000228881836,4.039999961853027,4.739999771118164,4.78000020980835,286.1520080566406,0.5839999914169312,11.9399995803833,0.4528999924659729,77.43000030517578,106.26000213623047,7.380000114440918,15.520000457763672,2.0199999809265137,2.380000114440918,11.119999885559082,5.6974101066589355,0.20399999618530273,10.819999694824219,24.3700008392334,205.00999450683594
08-03-20,4.150000095367432,4.110000133514404,4.739999771118164,5.059999942779541,297.0,0.5899999737739563,13.600000381469727,0.4359999895095825,77.66999816894531,108.9375,7.429999828338623,19.18000030517578,2.0,2.4600000381469727,11.079999923706055,5.858489036560059,0.1979999989271164,11.050000190734863,26.15999984741211,216.5399932861328
08-04-20,4.429999828338623,4.099999904632568,4.75,5.099999904632568,297.3999938964844,0.5989999771118164,13.640000343322754,0.4244999885559082,85.04000091552734,109.66500091552734,8.699999809265137,17.170000076293945,2.5399999618530273,2.5199999809265137,11.470000267028809,5.834624767303467,0.19099999964237213,11.430000305175781,24.90999984741211,213.2899932861328
08-05-20,4.630000114440918,4.150000095367432,4.840000152587891,5.0,297.0039978027344,0.574999988079071,13.920000076293945,0.42100000381469727,85.30999755859375,110.0625,8.109999656677246,16.924999237060547,2.5299999713897705,2.8299999237060547,12.5600004196167,5.739171028137207,0.1979999989271164,11.770000457763672,24.709999084472656,212.94000244140625
08-06-20,4.429999828338623,4.139999866485596,4.960000038146973,5.0,297.9159851074219,0.5699999928474426,13.84000015258789,0.4309000074863434,86.70999908447266,113.90249633789062,7.760000228881836,16.639999389648438,1.8899999856948853,2.8499999046325684,13.039999961853027,5.560194969177246,0.20000000298023224,12.0,24.770000457763672,216.35000610351562
08-07-20,4.159999847412109,4.75,4.840000152587891,4.980000019073486,290.5419921875,0.550000011920929,13.420000076293945,0.41850000619888306,84.8499984741211,111.11250305175781,7.460000038146973,16.520000457763672,1.7100000381469727,2.9600000381469727,13.029999732971191,5.333491802215576,0.19599999487400055,12.109999656677246,23.950000762939453,212.47999572753906
08-10-20,4.329999923706055,4.46999979019165,4.840000152587891,4.909999847412109,283.7139892578125,0.5419999957084656,14.210000038146973,0.41999998688697815,82.23999786376953,112.72750091552734,7.96999979019165,15.265000343322754,1.5199999809265137,2.9000000953674316,14.0,5.524400234222412,0.19099999964237213,12.65999984741211,24.809999465942383,208.25
08-11-20,4.349999904632568,4.559999942779541,4.789999961853027,4.960000038146973,274.87799072265625,0.5460000038146973,12.989999771118164,0.3718000054359436,76.87999725341797,109.375,6.929999828338623,15.3100004196167,1.5399999618530273,2.7799999713897705,13.729999542236328,5.309628009796143,0.1899999976158142,11.930000305175781,23.889999389648438,203.3800048828125
08-12-20,4.519999980926514,4.639999866485596,4.820000171661377,5.050000190734863,310.9519958496094,0.550000011920929,13.359999656677246,0.3612000048160553,82.61000061035156,113.01000213623047,6.900000095367432,15.40999984741211,1.4199999570846558,2.7899999618530273,13.539999961853027,5.381218910217285,0.18299999833106995,12.119999885559082,25.059999465942383,209.19000244140625
08-13-20,4.639999866485596,5.309999942779541,4.889999866485596,5.059999942779541,324.20001220703125,0.699999988079071,13.359999656677246,0.3027999997138977,81.83999633789062,115.01000213623047,7.050000190734863,15.210000038146973,1.5199999809265137,2.700000047683716,13.300000190734863,5.548263072967529,0.17299999296665192,12.34000015258789,24.350000381469727,208.6999969482422
08-14-20,4.75,5.539999961853027,4.800000190734863,5.0,330.1419982910156,0.44999998807907104,13.100000381469727,0.3077000081539154,81.30000305175781,114.90750122070312,7.25,15.270000457763672,1.5,2.700000047683716,13.329999923706055,5.357355117797852,0.1720000058412552,12.350000381469727,21.59000015258789,208.89999389648438
08-17-20,4.630000114440918,5.599999904632568,4.809999942779541,5.070000171661377,367.12799072265625,0.46000000834465027,14.050000190734863,0.3057999908924103,82.41999816894531,114.60749816894531,7.059999942779541,15.604999542236328,1.4700000286102295,2.869999885559082,12.619999885559082,5.476673126220703,0.1679999977350235,12.869999885559082,21.100000381469727,210.27999877929688
08-18-20,4.809999942779541,5.349999904632568,4.789999961853027,5.090000152587891,377.4179992675781,0.42800000309944153,14.300000190734863,0.27489998936653137,81.66000366210938,115.5625,6.980000019073486,16.7549991607666,1.4500000476837158,2.819999933242798,12.600000381469727,5.572126865386963,0.1509999930858612,12.199999809265137,20.75,211.49000549316406
08-19-20,4.71999979019165,5.389999866485596,4.78000020980835,5.039999961853027,375.70599365234375,0.40799999237060547,14.0600004196167,0.250900000333786,81.08999633789062,115.7074966430664,7.039999961853027,16.40999984741211,1.5,2.9000000953674316,12.680000305175781,5.524400234222412,0.1459999978542328,12.199999809265137,21.209999084472656,209.6999969482422
08-20-20,4.610000133514404,5.690000057220459,4.829999923706055,5.050000190734863,400.3659973144531,0.3799999952316284,13.779999732971191,0.34299999475479126,82.7699966430664,118.2750015258789,6.900000095367432,16.1299991607666,1.4199999570846558,2.9200000762939453,12.5,5.452808856964111,0.16500000655651093,11.470000267028809,21.31999969482422,214.5800018310547
08-21-20,5.03000020980835,5.190000057220459,4.75,4.96999979019165,409.9960021972656,0.3889999985694885,14.119999885559082,0.30649998784065247,83.80999755859375,124.37000274658203,6.639999866485596,15.989999771118164,1.3799999952316284,2.8499999046325684,12.15999984741211,5.345424175262451,0.15399999916553497,11.670000076293945,20.81999969482422,213.02000427246094
08-24-20,4.869999885559082,5.409999847412109,4.789999961853027,5.03000020980835,402.8399963378906,0.3440000116825104,14.970000267028809,0.2851000130176544,83.08000183105469,125.85749816894531,6.739999771118164,16.424999237060547,1.2799999713897705,2.7899999618530273,13.4399995803833,5.428946018218994,0.14800000190734863,12.270000457763672,20.030000686645508,213.69000244140625
08-25-20,4.980000019073486,5.539999961853027,4.78000020980835,5.039999961853027,404.6679992675781,0.33899998664855957,17.84000015258789,0.29899999499320984,86.3499984741211,124.82499694824219,6.619999885559082,18.200000762939453,1.3200000524520874,2.7799999713897705,13.140000343322754,5.464741230010986,0.14800000190734863,12.319999694824219,19.549999237060547,216.47000122070312
08-26-20,5.110000133514404,5.599999904632568,5.079999923706055,5.050000190734863,430.6340026855469,0.3269999921321869,20.440000534057617,0.28189998865127563,86.0199966430664,126.52249908447266,6.489999771118164,17.43000030517578,1.5299999713897705,2.7200000286102295,12.789999961853027,5.452808856964111,0.1899999976158142,12.180000305175781,19.65999984741211,221.14999389648438
08-27-20,5.25,6.519999980926514,5.03000020980835,5.010000228881836,447.75,0.3190000057220459,19.8799991607666,0.26750001311302185,83.80000305175781,125.01000213623047,6.440000057220459,16.7549991607666,1.600000023841858,2.7200000286102295,13.279999732971191,5.452808856964111,0.164000004529953,11.90999984741211,19.170000076293945,226.5800018310547
08-28-20,5.389999866485596,6.300000190734863,5.230000019073486,4.96999979019165,442.67999267578125,0.34200000762939453,18.5,0.27000001072883606,85.55000305175781,124.80750274658203,6.590000152587891,16.389999389648438,1.6799999475479126,2.75,13.59000015258789,5.595990180969238,0.1850000023841858,12.09000015258789,19.100000381469727,228.91000366210938
08-31-20,6.679999828338623,5.880000114440918,5.21999979019165,4.900000095367432,498.32000732421875,0.3400000035762787,19.030000686645508,0.25999999046325684,90.81999969482422,129.0399932861328,6.710000038146973,18.110000610351562,1.5800000429153442,2.640000104904175,13.050000190734863,5.81076192855835,0.17599999904632568,12.180000305175781,18.90999984741211,225.52999877929688
09-01-20,7.650000095367432,6.070000171661377,5.579999923706055,4.730000019073486,475.04998779296875,0.31200000643730164,20.1200008392334,0.2815000116825104,92.18000030517578,134.17999267578125,6.449999809265137,20.149999618530273,1.590000033378601,2.7300000190734863,13.100000381469727,5.703375816345215,0.1679999977350235,13.039999961853027,17.889999389648438,227.27000427246094
09-02-20,7.710000038146973,7.039999961853027,5.519999980926514,4.78000020980835,447.3699951171875,0.3149999976158142,19.899999618530273,0.2581000030040741,90.22000122070312,131.39999389648438,6.409999847412109,18.94499969482422,1.559999942779541,2.680000066757202,13.229999542236328,5.631785869598389,0.17000000178813934,12.4399995803833,18.479999542236328,231.64999389648438
09-03-20,7.820000171661377,6.599999904632568,5.179999828338623,4.53000020980835,407.0,0.3070000112056732,18.700000762939453,0.23999999463558197,82.54000091552734,120.87999725341797,6.059999942779541,17.670000076293945,1.5,2.5999999046325684,13.359999656677246,5.607922077178955,0.1599999964237213,11.829999923706055,17.280000686645508,217.3000030517578
09-04-20,7.650000095367432,7.019999980926514,5.110000133514404,4.480000019073486,418.32000732421875,0.30799999833106995,17.979999542236328,0.22300000488758087,82.01000213623047,120.95999908447266,5.920000076293945,19.709999084472656,1.4800000190734863,2.569999933242798,13.609999656677246,5.476673126220703,0.16500000655651093,11.75,18.6200008392334,214.25
09-08-20,7.699999809265137,6.420000076293945,4.929999828338623,4.099999904632568,330.2099914550781,0.3089999854564667,17.030000686645508,0.19140000641345978,78.69000244140625,112.81999969482422,5.659999847412109,21.3799991607666,1.4900000095367432,2.5799999237060547,13.630000114440918,5.297697067260742,0.16099999845027924,11.319999694824219,18.600000381469727,202.66000366210938
09-09-20,7.349999904632568,6.260000228881836,4.920000076293945,4.139999866485596,366.2799987792969,0.3100000023841858,18.09000015258789,0.19979999959468842,81.91000366210938,117.31999969482422,5.650000095367432,23.6200008392334,1.5399999618530273,2.5799999237060547,13.050000190734863,5.381218910217285,0.1509999930858612,11.420000076293945,20.139999389648438,211.2899932861328
09-10-20,6.230000019073486,5.940000057220459,4.800000190734863,4.099999904632568,371.3399963378906,0.30000001192092896,17.739999771118164,0.18700000643730164,78.9800033569336,113.48999786376953,5.630000114440918,22.389999389648438,1.5299999713897705,2.509999990463257,13.010000228881836,5.524400234222412,0.14800000190734863,11.979999542236328,22.594999313354492,205.3699951171875
09-11-20,6.090000152587891,5.789999961853027,4.75,4.099999904632568,372.7200012207031,0.29899999499320984,17.969999313354492,0.15850000083446503,76.33999633789062,112.0,5.309999942779541,23.690000534057617,1.5199999809265137,2.509999990463257,12.949999809265137,5.369287014007568,0.1589999943971634,12.039999961853027,23.56999969482422,204.02999877929688
09-14-20,6.909999847412109,5.539999961853027,4.820000171661377,4.090000152587891,419.6199951171875,0.28200000524520874,18.729999542236328,0.1589999943971634,77.9000015258789,115.36000061035156,5.309999942779541,26.059999465942383,1.6799999475479126,2.6700000762939453,13.260000228881836,5.548263072967529,0.1550000011920929,12.6899995803833,23.799999237060547,205.41000366210938
09-15-20,7.090000152587891,5.519999980926514,4.809999942779541,4.159999847412109,449.760009765625,0.27000001072883606,19.190000534057617,0.14869999885559082,78.93000030517578,115.54000091552734,5.289999961853027,25.350000381469727,1.7000000476837158,2.630000114440918,13.140000343322754,5.536332130432129,0.1599999964237213,12.550000190734863,24.290000915527344,208.77999877929688
09-16-20,8.680000305175781,5.760000228881836,4.730000019073486,4.130000114440918,441.760009765625,0.2759999930858612,19.010000228881836,0.1525000035762787,76.66000366210938,112.12999725341797,5.639999866485596,26.81999969482422,1.6399999856948853,2.640000104904175,13.800000190734863,5.524400234222412,0.164000004529953,12.829999923706055,22.93000030517578,205.0500030517578
09-17-20,9.199999809265137,5.71999979019165,4.730000019073486,4.139999866485596,423.42999267578125,0.2639999985694885,19.299999237060547,0.1468999981880188,76.55000305175781,110.33999633789062,5.429999828338623,28.030000686645508,1.6699999570846558,2.559999942779541,13.630000114440918,5.560194969177246,0.1589999943971634,12.729999542236328,22.479999542236328,202.91000366210938
09-18-20,9.470000267028809,5.670000076293945,4.860000133514404,4.090000152587891,442.1499938964844,0.2639999985694885,19.40999984741211,0.14300000667572021,74.93000030517578,106.83999633789062,5.340000152587891,30.600000381469727,1.7699999809265137,2.740000009536743,13.1899995803833,5.58405876159668,0.15800000727176666,12.5600004196167,22.020000457763672,200.38999938964844
09-21-20,8.75,5.320000171661377,4.760000228881836,3.9600000381469727,449.3900146484375,0.23600000143051147,18.809999465942383,0.13009999692440033,77.94000244140625,110.08000183105469,5.0,30.264999389648438,2.059999942779541,2.609999895095825,12.210000038146973,5.297697067260742,0.14900000393390656,12.380000114440918,21.530000686645508,202.5399932861328
09-22-20,10.5600004196167,5.210000038146973,4.940000057220459,3.9800000190734863,424.2300109863281,0.22699999809265137,19.229999542236328,0.13439999520778656,77.69999694824219,111.80999755859375,5.369999885559082,26.90999984741211,2.059999942779541,2.549999952316284,12.34000015258789,5.417014122009277,0.1550000011920929,13.90999984741211,23.799999237060547,207.4199981689453
09-23-20,10.039999961853027,4.78000020980835,4.800000190734863,3.880000114440918,380.3599853515625,0.20900000631809235,17.959999084472656,0.12449999898672104,74.7300033569336,107.12000274658203,4.699999809265137,22.469999313354492,1.8600000143051147,2.430000066757202,11.930000305175781,5.297697067260742,0.15000000596046448,13.359999656677246,23.93000030517578,200.58999633789062
09-24-20,9.140000343322754,4.610000133514404,4.75,3.8399999141693115,387.7900085449219,0.18799999356269836,17.850000381469727,0.125,75.81999969482422,108.22000122070312,4.75,22.1299991607666,1.8300000429153442,2.5,11.770000457763672,5.035198211669922,0.15000000596046448,13.930000305175781,23.1299991607666,203.19000244140625
09-25-20,10.020000457763672,4.880000114440918,4.769999980926514,3.7799999713897705,407.3399963378906,0.18199999630451202,18.31999969482422,0.12489999830722809,78.05999755859375,112.27999877929688,4.789999961853027,24.809999465942383,1.909999966621399,2.4100000858306885,12.289999961853027,5.047130107879639,0.14800000190734863,14.529999732971191,24.469999313354492,207.82000732421875
09-28-20,10.09000015258789,4.909999847412109,4.610000133514404,3.9000000953674316,421.20001220703125,0.19300000369548798,18.809999465942383,0.12110000103712082,79.4800033569336,114.95999908447266,4.820000171661377,28.1299991607666,1.9299999475479126,2.4600000381469727,12.760000228881836,5.142583847045898,0.1599999964237213,14.880000114440918,24.709999084472656,209.44000244140625
09-29-20,10.350000381469727,4.860000133514404,4.630000114440918,3.950000047683716,419.07000732421875,0.1899999976158142,20.850000381469727,0.11990000307559967,81.7699966430664,114.08999633789062,4.829999923706055,27.100000381469727,1.909999966621399,2.5899999141693115,12.25,5.178379058837891,0.1599999964237213,14.510000228881836,23.799999237060547,207.25999450683594
09-30-20,10.199999809265137,4.710000038146973,4.590000152587891,3.9100000858306885,429.010009765625,0.2409999966621399,21.219999313354492,0.11150000244379044,81.98999786376953,115.80999755859375,4.849999904632568,25.280000686645508,1.9500000476837158,2.4800000190734863,12.289999961853027,5.285765171051025,0.15399999916553497,14.979999542236328,24.860000610351562,210.3300018310547
10-01-20,9.770000457763672,4.650000095367432,4.579999923706055,3.869999885559082,448.1600036621094,0.25999999046325684,21.760000228881836,0.13840000331401825,84.86000061035156,116.79000091552734,4.920000076293945,25.079999923706055,2.0999999046325684,2.4800000190734863,12.579999923706055,5.249969959259033,0.1589999943971634,18.75,26.1200008392334,212.4600067138672
10-02-20,9.390000343322754,4.650000095367432,4.440000057220459,3.819999933242798,415.0899963378906,0.2460000067949295,21.18000030517578,0.11630000174045563,81.80000305175781,113.0199966430664,4.820000171661377,23.6200008392334,2.0299999713897705,2.490000009536743,13.0,5.261900901794434,0.15600000321865082,20.600000381469727,25.6200008392334,206.19000244140625
10-05-20,9.460000038146973,4.130000114440918,4.5,3.930000066757202,425.67999267578125,0.23899999260902405,21.59000015258789,0.11349999904632568,86.1500015258789,116.5,5.400000095367432,24.420000076293945,2.0799999237060547,2.569999933242798,13.119999885559082,6.001669883728027,0.1550000011920929,20.489999771118164,25.34000015258789,210.3800048828125
10-06-20,9.130000114440918,4.059999942779541,4.550000190734863,3.9100000858306885,413.9800109863281,0.2199999988079071,20.670000076293945,0.11999999731779099,84.4800033569336,113.16000366210938,4.900000095367432,23.93000030517578,2.130000114440918,2.5299999713897705,12.529999732971191,5.858489036560059,0.1589999943971634,19.969999313354492,24.850000381469727,205.91000366210938
10-07-20,9.359999656677246,4.039999961853027,4.570000171661377,3.9000000953674316,425.29998779296875,0.2199999988079071,21.559999465942383,0.12610000371932983,86.69000244140625,115.08000183105469,5.199999809265137,24.200000762939453,2.119999885559082,2.5999999046325684,13.069999694824219,6.132918834686279,0.164000004529953,20.850000381469727,27.790000915527344,209.8300018310547
10-08-20,13.489999771118164,4.139999866485596,4.599999904632568,3.950000047683716,425.9200134277344,0.22200000286102295,21.440000534057617,0.12409999966621399,86.51000213623047,114.97000122070312,6.150000095367432,23.770000457763672,2.240000009536743,2.6500000953674316,13.15999984741211,6.7653021812438965,0.15800000727176666,21.760000228881836,27.540000915527344,210.5800018310547
10-09-20,12.020000457763672,4.050000190734863,4.730000019073486,4.03000020980835,434.0,0.22200000286102295,21.469999313354492,0.11999999731779099,83.0999984741211,116.97000122070312,6.039999961853027,26.770000457763672,2.609999895095825,2.6600000858306885,13.199999809265137,6.860755920410156,0.16300000250339508,21.459999084472656,28.959999084472656,215.80999755859375
10-12-20,11.800000190734863,4.079999923706055,4.75,4.03000020980835,442.29998779296875,0.22300000488758087,21.850000381469727,0.12999999523162842,84.29000091552734,124.4000015258789,6.300000190734863,26.579999923706055,2.4700000286102295,2.640000104904175,12.920000076293945,7.600523948669434,0.1720000058412552,21.549999237060547,29.34000015258789,221.39999389648438
10-13-20,11.880000114440918,3.5399999618530273,5.139999866485596,4.039999961853027,446.6499938964844,0.21299999952316284,21.6200008392334,0.11840000003576279,85.27999877929688,121.0999984741211,5.929999828338623,23.6299991607666,2.6600000858306885,2.700000047683716,12.220000267028809,7.278367042541504,0.16300000250339508,22.149999618530273,29.540000915527344,222.86000061035156
10-14-20,12.25,2.9600000381469727,5.079999923706055,4.079999923706055,461.29998779296875,0.20200000703334808,26.5,0.11389999836683273,84.20999908447266,121.19000244140625,5.980000019073486,22.920000076293945,2.490000009536743,2.7100000381469727,12.359999656677246,7.015869140625,0.16599999368190765,23.950000762939453,29.989999771118164,220.86000061035156
10-15-20,13.829999923706055,2.7799999713897705,5.159999847412109,4.039999961853027,448.8800048828125,0.19099999964237213,28.06999969482422,0.10999999940395355,83.12999725341797,120.70999908447266,5.570000171661377,22.299999237060547,2.4000000953674316,2.7200000286102295,12.229999542236328,5.727240085601807,0.1599999964237213,24.959999084472656,30.90999984741211,219.66000366210938
10-16-20,13.3100004196167,3.0399999618530273,4.980000019073486,4.03000020980835,439.6700134277344,0.1899999976158142,28.479999542236328,0.09839999675750732,83.16999816894531,119.0199966430664,5.559999942779541,22.809999465942383,2.359999895095825,2.6700000762939453,12.460000038146973,5.548263072967529,0.1550000011920929,24.84000015258789,31.31999969482422,219.66000366210938
10-19-20,13.90999984741211,3.5399999618530273,5.190000057220459,4.179999828338623,430.8299865722656,0.19300000369548798,27.6299991607666,0.09149999916553497,82.0,115.9800033569336,6.480000019073486,22.229999542236328,2.430000066757202,2.6600000858306885,12.5600004196167,5.58405876159668,0.15600000321865082,24.889999389648438,31.940000534057617,214.22000122070312
10-20-20,13.859999656677246,3.0899999141693115,5.079999923706055,4.199999809265137,421.94000244140625,0.18400000035762787,27.959999084472656,0.0803999975323677,81.55999755859375,117.51000213623047,6.260000228881836,20.4950008392334,2.3399999141693115,2.680000066757202,12.800000190734863,5.548263072967529,0.15000000596046448,24.989999771118164,32.20000076293945,214.64999389648438
10-21-20,14.100000381469727,3.0,5.099999904632568,4.28000020980835,422.6400146484375,0.1720000058412552,27.860000610351562,0.07760000228881836,79.19999694824219,116.87000274658203,6.449999809265137,19.34000015258789,2.4000000953674316,2.6500000953674316,12.75,5.58405876159668,0.15000000596046448,24.440000534057617,30.290000915527344,214.8000030517578
10-22-20,14.90999984741211,3.119999885559082,5.130000114440918,4.269999980926514,425.7900085449219,0.17499999701976776,27.3799991607666,0.08250000327825546,79.41999816894531,115.75,6.829999923706055,20.165000915527344,2.380000114440918,2.680000066757202,13.149999618530273,5.58405876159668,0.15299999713897705,25.170000076293945,30.31999969482422,214.88999938964844
10-23-20,15.0,2.9700000286102295,5.119999885559082,4.300000190734863,420.6300048828125,0.17599999904632568,27.15999984741211,0.07500000298023224,81.95999908447266,115.04000091552734,6.730000019073486,20.34000015258789,2.440000057220459,2.640000104904175,12.600000381469727,5.428946018218994,0.15199999511241913,25.360000610351562,30.43000030517578,216.22999572753906
10-26-20,13.449999809265137,2.75,4.880000114440918,4.230000019073486,420.2799987792969,0.17399999499320984,26.010000228881836,0.07100000232458115,82.2300033569336,115.05000305175781,5.860000133514404,18.530000686645508,2.5399999618530273,2.569999933242798,11.800000190734863,5.452808856964111,0.14300000667572021,24.729999542236328,30.3799991607666,210.0800018310547
10-27-20,12.6899995803833,2.7899999618530273,4.849999904632568,4.239999771118164,424.67999267578125,0.17000000178813934,28.440000534057617,0.09200000017881393,78.87999725341797,116.5999984741211,5.590000152587891,17.25,2.630000114440918,2.5299999713897705,11.229999542236328,5.58405876159668,0.14100000262260437,24.010000228881836,30.920000076293945,213.25
10-28-20,11.819999694824219,2.609999895095825,4.570000171661377,4.050000190734863,406.0199890136719,0.16099999845027924,27.510000228881836,0.08269999921321869,76.4000015258789,111.19999694824219,5.650000095367432,16.75,2.4100000858306885,2.450000047683716,10.949999809265137,5.279798984527588,0.12800000607967377,21.100000381469727,30.559999465942383,202.67999267578125
10-29-20,11.729999542236328,2.5199999809265137,4.610000133514404,3.3499999046325684,410.8299865722656,0.15800000727176666,31.989999771118164,0.07930000126361847,78.0199966430664,115.31999969482422,5.96999979019165,17.270000457763672,2.2100000381469727,2.5199999809265137,11.15999984741211,5.357355117797852,0.13199999928474426,20.530000686645508,29.950000762939453,204.72000122070312
10-30-20,10.470000267028809,2.359999895095825,4.489999771118164,3.369999885559082,388.0400085449219,0.14399999380111694,30.579999923706055,0.07400000095367432,75.29000091552734,108.86000061035156,5.710000038146973,15.380000114440918,1.7300000190734863,2.4800000190734863,11.279999732971191,5.369287014007568,0.12099999934434891,19.799999237060547,28.3700008392334,202.47000122070312
11-02-20,10.75,2.1500000953674316,4.480000019073486,3.2699999809265137,400.510009765625,0.16500000655651093,33.31999969482422,0.07699999958276749,74.69999694824219,108.7699966430664,6.659999847412109,16.010000228881836,1.6100000143051147,2.4600000381469727,11.1899995803833,6.001669883728027,0.11800000071525574,20.200000762939453,28.809999465942383,202.3300018310547
11-03-20,11.569999694824219,2.3399999141693115,4.670000076293945,3.390000104904175,423.8999938964844,0.1860000044107437,35.5,0.07580000162124634,76.58000183105469,110.44000244140625,6.619999885559082,17.850000381469727,1.840000033378601,2.5,11.25,5.953942775726318,0.12200000137090683,20.670000076293945,28.959999084472656,206.42999267578125
11-04-20,10.90999984741211,2.309999942779541,4.679999828338623,3.4000000953674316,420.9800109863281,0.17299999296665192,37.709999084472656,0.07530000060796738,81.3499984741211,114.94999694824219,6.0,16.389999389648438,1.909999966621399,2.450000047683716,11.010000228881836,5.930078983306885,0.11999999731779099,21.020000457763672,28.75,216.38999938964844
11-05-20,11.449999809265137,2.4600000381469727,4.860000133514404,3.5399999618530273,438.0899963378906,0.2199999988079071,42.349998474121094,0.07590000331401825,83.0,119.02999877929688,7.820000171661377,17.719999313354492,1.909999966621399,2.569999933242798,11.600000381469727,6.514735221862793,0.11999999731779099,21.5,31.0,223.2899932861328
11-06-20,11.859999656677246,2.490000009536743,4.829999923706055,3.5199999809265137,429.95001220703125,0.25,41.630001068115234,0.07320000231266022,85.87999725341797,118.69000244140625,9.630000114440918,17.290000915527344,1.8600000143051147,2.4200000762939453,11.460000038146973,6.562461853027344,0.11900000274181366,21.440000534057617,31.040000915527344,223.72000122070312
11-09-20,11.489999771118164,3.7699999809265137,4.929999828338623,3.6500000953674316,421.260009765625,0.45899999141693115,44.02000045776367,0.07800000160932541,83.12000274658203,116.31999969482422,10.100000381469727,18.959999084472656,1.8300000429153442,2.5999999046325684,13.199999809265137,6.610188961029053,0.12399999797344208,18.639999389648438,27.280000686645508,218.38999938964844
11-10-20,11.100000381469727,3.509999990463257,5.019999980926514,3.6700000762939453,410.3599853515625,0.43799999356269836,41.54999923706055,0.07400000095367432,77.98999786376953,115.97000122070312,8.329999923706055,18.989999771118164,1.8300000429153442,2.7300000190734863,12.380000114440918,6.598257064819336,0.12800000607967377,18.950000762939453,25.3700008392334,211.00999450683594
11-11-20,11.75,3.130000114440918,5.190000057220459,3.75,417.1300048828125,0.38600000739097595,43.08000183105469,0.07240000367164612,81.27999877929688,119.48999786376953,8.039999961853027,19.200000762939453,1.8200000524520874,2.8299999237060547,12.039999961853027,6.6221208572387695,0.13500000536441803,19.799999237060547,26.010000228881836,216.5500030517578
11-12-20,11.130000114440918,2.940000057220459,4.989999771118164,3.75,411.760009765625,0.2840000092983246,48.29999923706055,0.07289999723434448,81.83999633789062,119.20999908447266,7.400000095367432,20.520000457763672,1.8700000047683716,3.3299999237060547,11.739999771118164,6.478940010070801,0.14399999380111694,19.729999542236328,26.809999465942383,215.44000244140625
11-13-20,11.010000228881836,2.9700000286102295,5.110000133514404,3.809999942779541,408.5,0.2800000011920929,44.560001373291016,0.0723000019788742,81.43000030517578,119.26000213623047,7.650000095367432,19.219999313354492,1.8300000429153442,3.190000057220459,12.239999771118164,6.7533698081970215,0.13300000131130219,20.229999542236328,27.15999984741211,216.50999450683594
11-16-20,12.0600004196167,3.109999895095825,5.190000057220459,3.9000000953674316,408.0899963378906,0.2619999945163727,45.58000183105469,0.0722000002861023,83.7300033569336,120.30000305175781,7.320000171661377,19.920000076293945,1.909999966621399,3.200000047683716,12.789999961853027,6.920414924621582,0.1379999965429306,20.540000915527344,27.290000915527344,217.22999572753906
11-17-20,11.630000114440918,2.9800000190734863,5.289999961853027,3.930000066757202,441.6099853515625,0.25,46.59000015258789,0.08799999952316284,83.36000061035156,119.38999938964844,7.210000038146973,21.475000381469727,1.940000057220459,3.240000009536743,12.699999809265137,7.242571830749512,0.13500000536441803,20.1200008392334,29.350000381469727,214.4600067138672
11-18-20,11.569999694824219,3.259999990463257,5.440000057220459,3.940000057220459,486.6400146484375,0.2590000033378601,45.060001373291016,0.12950000166893005,82.54000091552734,118.02999877929688,7.130000114440918,22.829999923706055,1.9700000286102295,3.1700000762939453,12.739999771118164,7.576661109924316,0.1469999998807907,19.860000610351562,29.860000610351562,211.0800018310547
11-19-20,12.460000038146973,3.190000057220459,5.360000133514404,3.890000104904175,499.2699890136719,0.2630000114440918,48.45000076293945,0.2888999879360199,85.54000091552734,118.63999938964844,6.730000019073486,22.780000686645508,1.9199999570846558,3.200000047683716,12.789999961853027,7.3022308349609375,0.1550000011920929,20.43000030517578,30.399999618530273,212.4199981689453
11-20-20,12.710000038146973,3.3499999046325684,5.760000228881836,3.950000047683716,489.6099853515625,0.2549999952316284,49.25,0.16859999299049377,84.63999938964844,117.33999633789062,7.360000133514404,25.780000686645508,2.0299999713897705,3.4800000190734863,12.529999732971191,7.314161777496338,0.17299999296665192,20.239999771118164,30.59000015258789,210.38999938964844
11-23-20,13.899999618530273,3.809999942779541,5.659999847412109,3.9700000286102295,521.8499755859375,0.2409999966621399,55.380001068115234,0.18389999866485596,85.30999755859375,113.8499984741211,6.679999828338623,28.8700008392334,2.309999942779541,4.400000095367432,13.5600004196167,7.588593006134033,0.16300000250339508,20.790000915527344,29.59000015258789,210.11000061035156
11-24-20,13.670000076293945,4.579999923706055,5.699999809265137,4.070000171661377,555.3800048828125,0.3009999990463257,53.5099983215332,0.1979999989271164,85.06999969482422,115.16999816894531,7.829999923706055,28.780000686645508,2.2799999713897705,4.480000019073486,14.819999694824219,8.173249244689941,0.15299999713897705,21.969999313354492,28.020000457763672,213.86000061035156
11-25-20,14.75,4.489999771118164,5.909999847412109,4.130000114440918,574.0,0.2800000011920929,53.689998626708984,0.18529999256134033,86.70999908447266,116.02999877929688,7.46999979019165,27.850000381469727,2.2699999809265137,4.739999771118164,14.9399995803833,8.364156723022461,0.15800000727176666,21.719999313354492,29.200000762939453,213.8699951171875
11-27-20,16.079999923706055,4.449999809265137,6.150000095367432,4.130000114440918,585.760009765625,0.3720000088214874,54.0,0.20999999344348907,87.19000244140625,116.58999633789062,8.5,27.18000030517578,2.299999952316284,5.03000020980835,14.979999542236328,9.22324275970459,0.1599999964237213,21.799999237060547,30.670000076293945,215.22999572753906
11-30-20,16.559999465942383,4.269999980926514,5.869999885559082,4.03000020980835,567.5999755859375,0.7289999723434448,50.529998779296875,0.20389999449253082,92.66000366210938,119.05000305175781,9.039999961853027,25.3700008392334,2.309999942779541,4.550000190734863,14.130000114440918,9.99880599975586,0.17399999499320984,20.959999084472656,29.81999969482422,214.07000732421875
12-01-20,15.800000190734863,4.150000095367432,7.0,4.059999942779541,584.760009765625,0.652999997138977,45.36000061035156,0.20200000703334808,92.62999725341797,122.72000122070312,8.069999694824219,25.229999542236328,2.450000047683716,4.400000095367432,14.270000457763672,9.127788543701172,0.16899999976158142,20.3799991607666,29.6200008392334,216.2100067138672
12-02-20,16.579999923706055,4.320000171661377,7.449999809265137,4.059999942779541,568.8200073242188,0.8080000281333923,47.97999954223633,0.18449999392032623,93.73999786376953,123.08000183105469,8.640000343322754,20.43000030517578,2.390000104904175,4.230000019073486,14.859999656677246,9.903351783752441,0.16300000250339508,20.31999969482422,29.75,215.3699951171875
12-03-20,16.1200008392334,3.630000114440918,7.460000038146973,4.019999980926514,593.3800048828125,0.7730000019073486,45.349998474121094,0.2020999938249588,92.30999755859375,122.94000244140625,9.069999694824219,22.670000076293945,2.380000114440918,3.8299999237060547,16.09000015258789,10.04653263092041,0.1589999943971634,19.56999969482422,29.15999984741211,214.24000549316406
12-04-20,16.899999618530273,3.509999990463257,8.520000457763672,4.03000020980835,599.0399780273438,0.6639999747276306,43.040000915527344,0.19020000100135803,94.04000091552734,122.25,8.600000381469727,22.06999969482422,2.680000066757202,4.289999961853027,16.399999618530273,10.130056381225586,0.20000000298023224,19.700000762939453,30.049999237060547,214.36000061035156
12-07-20,16.350000381469727,3.559999942779541,8.25,4.059999942779541,641.760009765625,0.5239999890327454,45.11000061035156,0.19220000505447388,94.06999969482422,123.75,8.210000038146973,21.229999542236328,2.690000057220459,4.210000038146973,17.209999084472656,9.86755657196045,0.17599999904632568,19.170000076293945,27.989999771118164,214.2899932861328
12-08-20,16.940000534057617,3.9800000190734863,8.520000457763672,4.21999979019165,649.8800048828125,0.5109999775886536,46.560001373291016,0.18790000677108765,92.91999816894531,124.37999725341797,8.289999961853027,21.360000610351562,2.6500000953674316,4.75,17.6299991607666,10.04653263092041,0.17100000381469727,18.59000015258789,27.1200008392334,216.00999450683594
12-09-20,13.65999984741211,3.859999895095825,8.3100004196167,4.190000057220459,604.47998046875,0.49000000953674316,44.0099983215332,0.17399999499320984,89.83000183105469,121.77999877929688,7.920000076293945,21.040000915527344,2.630000114440918,4.460000038146973,17.15999984741211,9.605058670043945,0.17000000178813934,18.510000228881836,26.68000030517578,211.8000030517578
12-10-20,14.119999885559082,4.090000152587891,8.369999885559082,4.199999809265137,627.0700073242188,0.4749999940395355,45.220001220703125,0.17000000178813934,91.66000366210938,123.23999786376953,8.069999694824219,21.135000228881836,2.700000047683716,4.53000020980835,17.989999771118164,9.795967102050781,0.1679999977350235,18.959999084472656,27.90999984741211,210.52000427246094
12-11-20,13.3100004196167,3.9200000762939453,8.15999984741211,4.059999942779541,609.989990234375,0.5059999823570251,41.97999954223633,0.16220000386238098,91.6500015258789,122.41000366210938,7.769999980926514,21.780000686645508,2.819999933242798,4.380000114440918,17.049999237060547,9.509605407714844,0.16599999368190765,19.170000076293945,27.434999465942383,213.25999450683594
12-14-20,12.720000267028809,3.190000057220459,8.25,4.0,639.8300170898438,0.5130000114440918,40.97999954223633,0.15379999577999115,94.77999877929688,121.77999877929688,7.369999885559082,21.389999389648438,3.130000114440918,4.210000038146973,16.700000762939453,9.40221881866455,0.16500000655651093,18.8700008392334,26.809999465942383,214.1999969482422
12-15-20,13.850000381469727,2.859999895095825,8.300000190734863,4.099999904632568,633.25,0.5,43.5,0.14720000326633453,97.12000274658203,127.87999725341797,7.869999885559082,21.850000381469727,4.210000038146973,4.690000057220459,17.010000228881836,9.688581466674805,0.16099999845027924,19.530000686645508,27.530000686645508,214.1300048828125
12-16-20,13.850000381469727,2.7799999713897705,8.239999771118164,3.990000009536743,622.77001953125,0.4790000021457672,44.66999816894531,0.1599999964237213,96.8499984741211,127.80999755859375,9.329999923706055,21.270000457763672,4.010000228881836,4.46999979019165,16.860000610351562,9.605058670043945,0.1599999964237213,19.809999465942383,28.0049991607666,219.27999877929688
12-17-20,14.829999923706055,2.8499999046325684,8.260000228881836,4.059999942779541,655.9000244140625,0.4390000104904175,46.0,0.2069000005722046,96.83999633789062,128.6999969482422,8.960000038146973,21.170000076293945,4.989999771118164,4.769999980926514,16.799999237060547,9.080061912536621,0.16200000047683716,19.799999237060547,28.530000686645508,219.4199981689453
12-18-20,15.630000114440918,2.799999952316284,6.949999809265137,4.0,695.0,0.4359999895095825,46.720001220703125,0.1834000051021576,95.91999816894531,126.66000366210938,8.890000343322754,21.149999618530273,5.050000190734863,5.5,16.510000228881836,9.127788543701172,0.16200000047683716,18.719999313354492,28.030000686645508,218.58999633789062
12-21-20,15.529999732971191,2.680000066757202,7.110000133514404,3.9000000953674316,649.8599853515625,0.5049999952316284,48.95000076293945,0.1889999955892563,93.2300033569336,128.22999572753906,8.390000343322754,20.65999984741211,5.769999980926514,5.940000057220459,16.100000381469727,8.602791786193848,0.1589999943971634,19.260000228881836,28.670000076293945,222.58999633789062
12-22-20,19.459999084472656,2.5899999141693115,7.190000057220459,3.880000114440918,640.3400268554688,0.47999998927116394,47.58000183105469,0.18000000715255737,93.16000366210938,131.8800048828125,8.460000038146973,23.299999237060547,9.270000457763672,8.199999809265137,15.479999542236328,8.495406150817871,0.1550000011920929,18.989999771118164,29.854999542236328,223.94000244140625
12-23-20,20.56999969482422,2.559999942779541,7.090000152587891,3.880000114440918,645.97998046875,0.5,47.0099983215332,0.19210000336170197,91.55000305175781,130.9600067138672,8.890000343322754,22.725000381469727,6.650000095367432,8.229999542236328,15.890000343322754,8.853358268737793,0.164000004529953,18.8799991607666,30.860000610351562,221.02000427246094
12-24-20,20.149999618530273,2.509999990463257,7.059999942779541,3.890000104904175,661.77001953125,0.4729999899864197,45.77000045776367,0.20900000631809235,91.80999755859375,131.97000122070312,8.59000015258789,22.969999313354492,6.550000190734863,8.350000381469727,15.65999984741211,8.50733757019043,0.19099999964237213,18.600000381469727,34.02000045776367,222.75
12-28-20,20.989999771118164,2.390000104904175,6.880000114440918,3.9000000953674316,663.6900024414062,0.47699999809265137,44.060001373291016,0.21119999885559082,91.5999984741211,136.69000244140625,8.369999885559082,21.31999969482422,6.710000038146973,8.529999732971191,16.059999465942383,8.185179710388184,0.1860000044107437,18.770000457763672,33.119998931884766,224.9600067138672
12-29-20,19.3799991607666,2.2899999618530273,6.769999980926514,3.930000066757202,665.989990234375,0.4620000123977661,46.13999938964844,0.1972000002861023,90.62000274658203,134.8699951171875,8.220000267028809,20.90999984741211,6.320000171661377,7.78000020980835,15.859999656677246,8.137453079223633,0.17000000178813934,18.829999923706055,31.739999771118164,224.14999389648438
12-30-20,19.260000228881836,2.1600000858306885,6.670000076293945,3.890000104904175,694.780029296875,0.48500001430511475,48.380001068115234,0.20389999449253082,92.29000091552734,133.72000122070312,8.630000114440918,21.270000457763672,6.179999828338623,8.1899995803833,16.149999618530273,8.42381477355957,0.2329999953508377,18.649999618530273,31.299999237060547,221.67999267578125
12-31-20,18.84000015258789,2.119999885559082,6.630000114440918,3.9100000858306885,705.6699829101562,0.4740000069141388,48.7400016784668,0.19200000166893005,91.70999908447266,132.69000244140625,8.260000228881836,19.780000686645508,5.380000114440918,7.860000133514404,15.770000457763672,8.256771087646484,0.1850000023841858,17.760000228881836,32.939998626708984,222.4199981689453
01-04-21,17.25,2.009999990463257,6.579999923706055,3.890000104904175,729.77001953125,0.550000011920929,53.4900016784668,0.21770000457763672,92.30000305175781,129.41000366210938,9.0,21.420000076293945,5.210000038146973,7.829999923706055,15.130000114440918,8.710177421569824,0.1860000044107437,18.030000686645508,33.0,217.69000244140625
01-05-21,17.3700008392334,1.9800000190734863,6.769999980926514,4.039999961853027,735.1099853515625,0.5400000214576721,53.20000076293945,0.41200000047683716,92.7699966430664,131.00999450683594,9.510000228881836,22.43000030517578,5.519999980926514,8.680000305175781,15.430000305175781,8.948811531066895,0.2619999945163727,19.760000228881836,33.560001373291016,217.89999389648438
01-06-21,18.360000610351562,2.009999990463257,6.710000038146973,4.039999961853027,755.97998046875,0.6050000190734863,50.5,0.3093999922275543,90.33000183105469,126.5999984741211,10.770000457763672,23.649999618530273,5.230000019073486,9.0,15.520000457763672,10.010738372802734,0.2199999988079071,21.030000686645508,33.72999954223633,212.25
01-07-21,18.079999923706055,2.049999952316284,7.059999942779541,3.990000009536743,816.0399780273438,0.6850000023841858,54.279998779296875,0.3400000035762787,95.16000366210938,130.9199981689453,11.34000015258789,27.600000381469727,5.909999847412109,11.100000381469727,15.380000114440918,10.249373435974121,0.23899999260902405,18.729999542236328,34.849998474121094,218.2899932861328
01-08-21,17.690000534057617,2.140000104904175,7.559999942779541,3.930000066757202,880.02001953125,0.6819999814033508,58.91999816894531,0.3416999876499176,94.58000183105469,132.0500030517578,11.3100004196167,25.565000534057617,5.900000095367432,10.25,15.130000114440918,10.225509643554688,0.19499999284744263,18.940000534057617,34.310001373291016,219.6199951171875
01-11-21,19.940000534057617,2.200000047683716,7.650000095367432,3.869999885559082,811.1900024414062,0.7089999914169312,62.70000076293945,0.40849998593330383,97.25,128.97999572753906,12.329999923706055,25.760000228881836,5.849999904632568,9.8100004196167,15.0,10.798233985900879,0.257999986410141,20.489999771118164,35.02000045776367,217.49000549316406
01-12-21,19.950000762939453,2.2899999618530273,7.630000114440918,4.010000228881836,849.4400024414062,0.6679999828338623,62.040000915527344,0.5271000266075134,95.36000061035156,128.8000030517578,13.350000381469727,25.020000457763672,5.599999904632568,9.920000076293945,15.380000114440918,11.251640319824219,0.2930000126361847,21.530000686645508,34.0099983215332,214.92999267578125
01-13-21,31.399999618530273,2.180000066757202,7.440000057220459,3.9800000190734863,854.4099731445312,0.6579999923706055,62.150001525878906,0.4659999907016754,91.77999877929688,130.88999938964844,15.020000457763672,24.540000915527344,6.550000190734863,10.40999984741211,15.529999732971191,11.931750297546387,0.3720000088214874,23.020000457763672,34.47999954223633,216.33999633789062
01-14-21,39.90999984741211,2.180000066757202,9.109999656677246,4.090000152587891,845.0,0.6899999976158142,60.869998931884766,0.46860000491142273,90.79000091552734,128.91000366210938,18.559999465942383,24.610000610351562,6.599999904632568,10.210000038146973,16.440000534057617,14.449349403381348,0.36000001430511475,27.34000015258789,36.16999816894531,213.02000427246094
01-15-21,35.5,2.3299999237060547,9.84000015258789,4.079999923706055,826.1599731445312,0.7139999866485596,56.27000045776367,0.453900009393692,88.20999908447266,127.13999938964844,19.700000762939453,23.34000015258789,6.610000133514404,9.8100004196167,15.760000228881836,14.819232940673828,0.335999995470047,25.600000381469727,35.47999954223633,212.64999389648438
01-19-21,39.36000061035156,3.059999942779541,12.350000381469727,4.130000114440918,844.5499877929688,0.6899999976158142,58.439998626708984,0.46000000834465027,89.44999694824219,127.83000183105469,20.09000015258789,23.760000228881836,7.050000190734863,9.9399995803833,15.970000267028809,16.239112854003906,0.3409999907016754,25.030000686645508,34.68000030517578,216.44000244140625
01-20-21,39.119998931884766,2.9700000286102295,12.789999961853027,4.199999809265137,850.4500122070312,0.6809999942779541,57.709999084472656,0.4359000027179718,88.75,132.02999877929688,18.790000915527344,23.329999923706055,6.869999885559082,10.600000381469727,16.170000076293945,15.594797134399414,0.32499998807907104,24.969999313354492,35.06999969482422,224.33999633789062
01-21-21,43.029998779296875,2.9800000190734863,12.850000381469727,4.21999979019165,844.989990234375,0.6610000133514404,58.34000015258789,0.45410001277923584,91.52999877929688,136.8699951171875,17.920000076293945,22.850000381469727,6.789999961853027,10.180000305175781,15.829999923706055,15.129459381103516,0.42500001192092896,26.8700008392334,35.22999954223633,224.97000122070312
01-22-21,65.01000213623047,3.509999990463257,14.039999961853027,4.199999809265137,846.6400146484375,0.6449999809265137,61.95000076293945,0.44200000166893005,92.79000091552734,139.07000732421875,18.020000457763672,23.510000228881836,6.760000228881836,10.569999694824219,15.819999694824219,15.415821075439453,0.4050000011920929,30.209999084472656,38.029998779296875,225.9499969482422
01-25-21,76.79000091552734,4.420000076293945,18.030000686645508,4.849999904632568,880.7999877929688,0.6000000238418579,59.9900016784668,0.4050000011920929,94.12999725341797,142.9199981689453,17.18000030517578,24.709999084472656,7.25,11.680000305175781,15.430000305175781,14.330032348632812,0.38100001215934753,30.68000030517578,39.150001525878906,229.52999877929688
01-26-21,147.97999572753906,4.960000038146973,18.920000076293945,4.730000019073486,883.0900268554688,0.5600000023841858,60.310001373291016,0.39169999957084656,94.70999908447266,143.16000366210938,19.030000686645508,32.18000030517578,8.140000343322754,11.539999961853027,15.529999732971191,15.475480079650879,0.39100000262260437,36.869998931884766,37.470001220703125,232.3300018310547
01-27-21,347.510009765625,19.899999618530273,25.100000381469727,6.550000190734863,864.1599731445312,0.6010000109672546,57.150001525878906,1.3799999952316284,88.83999633789062,142.05999755859375,18.549999237060547,34.79999923706055,7.429999828338623,11.0,16.559999465942383,15.52320671081543,0.5320000052452087,52.88999938964844,33.540000915527344,232.89999389648438
01-28-21,193.60000610351562,8.630000114440918,14.649999618530273,4.690000057220459,835.4299926757812,0.824999988079071,58.369998931884766,1.3899999856948853,87.5199966430664,137.08999633789062,18.700000762939453,33.099998474121094,7.239999771118164,10.4399995803833,18.100000381469727,15.463547706604004,0.6100000143051147,33.63999938964844,35.4900016784668,238.92999267578125
01-29-21,325.0,13.260000228881836,14.100000381469727,4.559999942779541,793.530029296875,0.8149999976158142,57.0,1.649999976158142,85.63999938964844,131.9600067138672,18.100000381469727,34.31999969482422,7.110000133514404,10.229999542236328,17.170000076293945,14.53287124633789,0.6200000047683716,35.33000183105469,34.040000915527344,231.9600067138672
02-01-21,225.0,13.300000190734863,14.630000114440918,4.889999866485596,839.8099975585938,1.2100000381469727,56.9900016784668,1.4199999570846558,87.66000366210938,134.13999938964844,19.100000381469727,38.86000061035156,7.369999885559082,10.569999694824219,16.84000015258789,14.914687156677246,0.7099999785423279,30.260000228881836,34.4900016784668,239.64999389648438
02-02-21,90.0,7.820000171661377,11.550000190734863,4.53000020980835,872.7899780273438,1.0399999618530273,55.77000045776367,0.910099983215332,88.86000061035156,134.99000549316406,23.489999771118164,34.209999084472656,7.630000114440918,10.470000267028809,16.59000015258789,17.587400436401367,0.6449999809265137,25.3799991607666,36.84000015258789,239.50999450683594
02-03-21,92.41000366210938,8.970000267028809,12.0,4.699999809265137,854.6900024414062,1.2100000381469727,57.97999954223633,1.2200000286102295,87.88999938964844,133.94000244140625,26.309999465942383,36.04999923706055,9.260000228881836,12.829999923706055,17.600000381469727,19.806705474853516,0.6899999976158142,28.020000457763672,36.45000076293945,243.0
02-04-21,53.5,7.090000152587891,12.149999618530273,4.369999885559082,849.989990234375,1.149999976158142,57.599998474121094,1.1699999570846558,87.83999633789062,137.38999938964844,26.780000686645508,41.34000015258789,10.329999923706055,12.800000190734863,17.399999618530273,19.61579704284668,0.6740000247955322,27.010000228881836,36.029998779296875,242.00999450683594
02-05-21,63.77000045776367,6.829999923706055,13.229999542236328,4.21999979019165,852.22998046875,1.1299999952316284,56.66999816894531,1.100000023841858,87.9000015258789,136.75999450683594,25.719999313354492,40.61000061035156,11.539999961853027,12.970000267028809,17.190000534057617,19.890226364135742,0.7549999952316284,26.540000915527344,38.040000915527344,242.1999969482422
02-08-21,60.0,6.179999828338623,13.760000228881836,4.260000228881836,863.4199829101562,1.2799999713897705,59.06999969482422,1.1399999856948853,91.47000122070312,136.91000366210938,30.09000015258789,39.650001525878906,14.720000267028809,17.8700008392334,17.770000457763672,22.646461486816406,0.9890000224113464,26.270000457763672,39.77000045776367,242.47000122070312
02-09-21,50.310001373291016,5.5,13.430000305175781,4.190000057220459,849.4600219726562,1.649999976158142,62.84000015258789,1.1399999856948853,90.91000366210938,136.00999450683594,42.349998474121094,40.189998626708984,14.899999618530273,18.639999389648438,17.440000534057617,28.337907791137695,1.059999942779541,27.1200008392334,38.09000015258789,243.77000427246094
02-10-21,51.20000076293945,5.800000190734863,13.100000381469727,4.170000076293945,804.8200073242188,2.950000047683716,61.2599983215332,1.5199999809265137,92.3499984741211,135.38999938964844,63.90999984741211,38.459999084472656,14.0,16.940000534057617,17.40999984741211,31.380502700805664,1.190000057220459,29.020000457763672,36.619998931884766,242.82000732421875
02-11-21,51.099998474121094,5.610000133514404,12.460000038146973,4.099999904632568,811.6599731445312,2.380000114440918,60.27000045776367,1.559999942779541,92.66000366210938,135.1300048828125,32.15999984741211,37.459999084472656,18.309999465942383,16.729999542236328,16.989999771118164,20.14079475402832,1.7300000190734863,27.59000015258789,38.52000045776367,244.49000549316406
02-12-21,52.400001525878906,5.590000152587891,13.039999961853027,4.170000076293945,816.1199951171875,2.0799999237060547,59.849998474121094,1.440000057220459,93.7699966430664,135.3699951171875,29.0,36.189998626708984,18.329999923706055,17.290000915527344,17.270000457763672,20.212385177612305,1.4700000286102295,28.149999618530273,39.5099983215332,244.99000549316406
02-16-21,49.5099983215332,5.650000095367432,12.210000038146973,4.130000114440918,796.219970703125,2.190000057220459,59.22999954223633,1.2899999618530273,91.45999908447266,133.19000244140625,34.630001068115234,34.11000061035156,23.719999313354492,15.920000076293945,17.81999969482422,25.927692413330078,1.399999976158142,27.780000686645508,39.0099983215332,243.6999969482422
02-17-21,45.939998626708984,5.550000190734863,11.319999694824219,4.110000133514404,798.1500244140625,1.7200000286102295,57.31999969482422,1.350000023841858,89.94000244140625,130.83999633789062,31.510000228881836,32.43000030517578,19.75,15.539999961853027,17.989999771118164,24.591337203979492,1.159999966621399,26.3799991607666,38.36000061035156,244.1999969482422
02-18-21,40.689998626708984,5.510000228881836,10.9399995803833,4.119999885559082,787.3800048828125,1.4500000476837158,54.43000030517578,1.2100000381469727,88.63999938964844,129.7100067138672,27.100000381469727,31.219999313354492,18.040000915527344,14.050000190734863,17.709999084472656,22.94475555419922,1.2100000381469727,26.290000915527344,38.369998931884766,243.7899932861328
02-19-21,40.59000015258789,5.699999809265137,10.899999618530273,4.070000171661377,781.2999877929688,1.5299999713897705,55.040000915527344,1.2200000286102295,89.58000183105469,129.8699951171875,29.209999084472656,32.959999084472656,20.5,14.979999542236328,18.68000030517578,24.161794662475586,1.2100000381469727,26.469999313354492,40.04999923706055,240.97000122070312
02-22-21,46.0,6.550000190734863,10.680000305175781,3.9600000381469727,714.5,1.4299999475479126,50.68000030517578,1.1200000047683716,85.37000274658203,126.0,26.290000915527344,31.34000015258789,18.06999969482422,14.649999618530273,20.440000534057617,23.087936401367188,1.2300000190734863,26.270000457763672,38.40999984741211,234.50999450683594
02-23-21,44.970001220703125,7.699999809265137,10.399999618530273,3.950000047683716,698.8400268554688,1.2599999904632568,49.11000061035156,1.0299999713897705,84.73999786376953,125.86000061035156,24.790000915527344,16.46500015258789,16.190000534057617,13.59000015258789,20.65999984741211,21.54874038696289,1.1100000143051147,25.989999771118164,37.04999923706055,233.27000427246094
02-24-21,91.70999908447266,9.09000015258789,11.319999694824219,4.039999961853027,742.02001953125,1.4500000476837158,51.86000061035156,1.350000023841858,86.94000244140625,125.3499984741211,27.979999542236328,15.130000114440918,17.959999084472656,13.819999694824219,21.81999969482422,23.947023391723633,1.1100000143051147,27.3799991607666,37.7400016784668,234.5500030517578
02-25-21,108.7300033569336,8.289999961853027,10.579999923706055,4.050000190734863,682.219970703125,1.3700000047683716,46.810001373291016,1.1399999856948853,82.41999816894531,120.98999786376953,24.5,18.8700008392334,16.18000030517578,12.850000381469727,20.860000610351562,21.739648818969727,1.0099999904632568,26.290000915527344,35.79999923706055,228.99000549316406
02-26-21,101.73999786376953,8.010000228881836,10.050000190734863,3.9200000762939453,675.5,1.3300000429153442,45.779998779296875,1.0399999618530273,84.51000213623047,121.26000213623047,24.360000610351562,16.170000076293945,14.869999885559082,13.039999961853027,20.940000534057617,21.28624153137207,0.9990000128746033,26.860000610351562,36.790000915527344,232.3800048828125
03-01-21,120.4000015258789,9.180000305175781,10.90999984741211,4.039999961853027,718.4299926757812,1.350000023841858,49.7599983215332,1.0800000429153442,86.38999938964844,127.79000091552734,25.559999465942383,17.34000015258789,17.59000015258789,13.800000190734863,21.18000030517578,22.383962631225586,1.0199999809265137,27.860000610351562,39.0,236.94000244140625
03-02-21,118.18000030517578,8.930000305175781,10.5,4.039999961853027,686.4400024414062,1.3799999952316284,43.290000915527344,1.0299999713897705,84.12999725341797,125.12000274658203,25.899999618530273,16.1299991607666,16.950000762939453,13.229999542236328,21.440000534057617,22.610666275024414,0.9300000071525574,27.729999542236328,37.900001525878906,233.8699951171875
03-03-21,124.18000030517578,8.579999923706055,10.149999618530273,3.9800000190734863,653.2000122070312,1.2999999523162842,41.529998779296875,0.9900000095367432,80.86000061035156,122.05999755859375,25.290000915527344,14.920000076293945,15.359999656677246,12.260000228881836,22.170000076293945,21.69192123413086,0.9480000138282776,29.030000686645508,36.150001525878906,227.55999755859375
03-04-21,132.35000610351562,8.029999732971191,9.84000015258789,3.819999933242798,621.4400024414062,1.159999966621399,39.279998779296875,0.8761000037193298,77.75,120.12999725341797,22.649999618530273,14.460000038146973,13.25,12.199999809265137,21.239999771118164,19.93795394897461,0.7860000133514404,28.65999984741211,24.3700008392334,226.72999572753906
03-05-21,137.74000549316406,8.050000190734863,9.449999809265137,3.880000114440918,597.9500122070312,1.1349999904632568,38.11000061035156,0.8569999933242798,78.5199966430664,121.41999816894531,21.6299991607666,13.729999542236328,12.819999694824219,11.640000343322754,20.450000762939453,18.744779586791992,0.8069999814033508,28.09000015258789,31.18000030517578,231.60000610351562
03-08-21,194.5,9.289999961853027,9.75,3.869999885559082,563.0,1.1799999475479126,35.209999084472656,0.9800000190734863,73.95999908447266,116.36000061035156,22.420000076293945,15.5,11.770000457763672,10.710000038146973,21.469999313354492,19.222049713134766,0.8510000109672546,30.969999313354492,29.790000915527344,227.38999938964844
03-09-21,246.89999389648438,10.5,10.449999809265137,3.9600000381469727,673.5800170898438,1.3899999856948853,41.349998474121094,1.0199999809265137,78.52999877929688,121.08999633789062,24.40999984741211,16.350000381469727,14.079999923706055,11.800000190734863,21.600000381469727,21.656126022338867,0.9890000224113464,29.790000915527344,31.170000076293945,233.77999877929688
03-10-21,265.0,9.850000381469727,10.34000015258789,3.9600000381469727,668.0599975585938,1.309999942779541,41.31999969482422,0.9800000190734863,77.5199966430664,119.9800033569336,24.100000381469727,15.9399995803833,14.350000381469727,13.59000015258789,21.75,21.154993057250977,0.949999988079071,28.209999084472656,32.91999816894531,232.4199981689453
03-11-21,260.0,10.279999732971191,10.699999809265137,4.099999904632568,699.5999755859375,1.4199999570846558,46.029998779296875,1.0299999713897705,81.2300033569336,121.95999908447266,28.200000762939453,17.5,14.829999923706055,13.880000114440918,22.149999618530273,23.696456909179688,0.9890000224113464,28.709999084472656,33.84000015258789,237.1300048828125
03-12-21,264.5,11.15999984741211,11.850000381469727,4.21999979019165,693.72998046875,1.4199999570846558,45.5,1.0,81.05000305175781,121.02999877929688,27.56999969482422,16.8700008392334,17.469999313354492,14.869999885559082,23.3700008392334,23.863500595092773,1.0199999809265137,30.15999984741211,33.400001525878906,235.75
03-15-21,220.13999938964844,14.039999961853027,11.680000305175781,4.300000190734863,707.9400024414062,1.6200000047683716,44.93000030517578,0.9944999814033508,82.5,123.98999786376953,30.469999313354492,17.829999923706055,17.829999923706055,15.390000343322754,25.170000076293945,26.44672393798828,1.0299999713897705,32.599998474121094,32.349998474121094,234.80999755859375
03-16-21,208.1699981689453,13.020000457763672,11.460000038146973,4.239999771118164,676.8800048828125,1.5099999904632568,43.68000030517578,0.9399999976158142,82.75,125.56999969482422,26.969999313354492,16.690000534057617,16.829999923706055,14.970000267028809,24.469999313354492,24.125999450683594,0.9580000042915344,31.110000610351562,31.510000228881836,237.7100067138672
03-17-21,209.80999755859375,13.5600004196167,11.600000381469727,4.28000020980835,701.8099975585938,1.5399999618530273,44.7599983215332,0.9419999718666077,82.62999725341797,124.76000213623047,27.469999313354492,16.93000030517578,17.440000534057617,15.199999809265137,25.15999984741211,24.63906478881836,0.9869999885559082,30.969999313354492,31.670000076293945,237.0399932861328
03-18-21,201.75,14.0,10.760000228881836,3.9100000858306885,653.1599731445312,1.4600000381469727,41.630001068115234,0.9154000282287598,78.12000274658203,120.52999877929688,25.31999969482422,15.399999618530273,15.9399995803833,14.380000114440918,24.700000762939453,22.89702796936035,0.9419999718666077,30.59000015258789,32.34000015258789,230.72000122070312
03-19-21,200.27000427246094,13.930000305175781,10.949999809265137,4.019999980926514,654.8699951171875,1.4900000095367432,43.349998474121094,0.9199000000953674,79.05999755859375,119.98999786376953,25.350000381469727,16.1200008392334,17.350000381469727,15.65999984741211,24.969999313354492,23.076005935668945,0.9470000267028809,31.579999923706055,33.369998931884766,230.35000610351562
03-22-21,194.49000549316406,12.489999771118164,10.710000038146973,4.059999942779541,670.0,1.2999999523162842,42.939998626708984,0.8489999771118164,80.30000305175781,123.38999938964844,23.899999618530273,15.630000114440918,17.969999313354492,15.9399995803833,23.829999923706055,22.383962631225586,0.9110000133514404,31.739999771118164,32.02000045776367,235.99000549316406
03-23-21,181.75,10.65999984741211,10.069999694824219,3.9800000190734863,662.1599731445312,1.2100000381469727,41.18000030517578,0.7847999930381775,78.37999725341797,122.54000091552734,23.219999313354492,14.539999961853027,15.819999694824219,13.609999656677246,22.270000457763672,21.620330810546875,0.8820000290870667,30.020000457763672,31.920000076293945,237.5800018310547
03-24-21,120.33999633789062,9.020000457763672,9.579999923706055,3.9200000762939453,630.27001953125,1.125,36.959999084472656,0.7699999809265137,76.4800033569336,120.08999633789062,22.190000534057617,13.210000038146973,13.199999809265137,13.069999694824219,21.809999465942383,20.820903778076172,0.7760000228881836,27.59000015258789,30.31999969482422,235.4600067138672
03-25-21,183.75,10.9399995803833,9.880000114440918,3.9700000286102295,640.3900146484375,1.2200000286102295,37.939998626708984,0.7193999886512756,76.22000122070312,120.58999633789062,22.829999923706055,13.569999694824219,14.010000228881836,13.609999656677246,22.770000457763672,21.405559539794922,0.828000009059906,28.809999465942383,30.149999618530273,232.33999633789062
03-26-21,181.0,10.239999771118164,9.630000114440918,4.059999942779541,618.7100219726562,1.1299999952316284,36.130001068115234,0.7601000070571899,77.41000366210938,121.20999908447266,22.079999923706055,13.449999809265137,13.449999809265137,13.5,22.93000030517578,20.677722930908203,0.800000011920929,29.260000228881836,30.690000534057617,236.47999572753906
03-29-21,181.3000030517578,10.350000381469727,9.199999809265137,4.019999980926514,611.2899780273438,1.1200000047683716,35.5099983215332,0.756600022315979,77.13999938964844,121.38999938964844,21.6299991607666,12.930000305175781,12.130000114440918,12.779999732971191,22.90999984741211,20.224315643310547,0.7820000052452087,28.399999618530273,29.020000457763672,235.24000549316406
03-30-21,194.4600067138672,10.350000381469727,9.34000015258789,3.990000009536743,635.6199951171875,1.1399999856948853,37.54999923706055,0.7480999827384949,76.0,119.9000015258789,22.040000915527344,13.399999618530273,12.3100004196167,13.210000038146973,24.1200008392334,21.011812210083008,0.7760000228881836,29.520000457763672,30.010000228881836,231.85000610351562
03-31-21,189.82000732421875,10.210000038146973,8.430000305175781,3.9600000381469727,667.9299926757812,1.1299999952316284,38.97999954223633,0.7149999737739563,78.5,122.1500015258789,22.729999542236328,13.770000457763672,18.549999237060547,13.739999771118164,23.899999618530273,21.918624877929688,0.7609999775886536,29.149999618530273,31.649999618530273,235.77000427246094
04-01-21,191.4499969482422,9.359999656677246,8.600000381469727,4.0,661.75,1.100000023841858,39.65999984741211,0.7149999737739563,81.08999633789062,123.0,22.34000015258789,14.140000343322754,15.539999961853027,14.520000457763672,23.860000610351562,21.620330810546875,0.7379999756813049,28.920000076293945,31.399999618530273,242.35000610351562
04-05-21,186.9499969482422,10.609999656677246,9.300000190734863,4.050000190734863,691.0499877929688,1.0700000524520874,39.310001373291016,0.699999988079071,81.43000030517578,125.9000015258789,22.06999969482422,13.229999542236328,15.6899995803833,13.5,24.229999542236328,21.703853607177734,0.5830000042915344,28.649999618530273,32.63999938964844,249.07000732421875
04-06-21,184.5,10.199999809265137,8.989999771118164,4.0,691.6199951171875,1.0199999809265137,40.0,0.6638000011444092,81.44000244140625,126.20999908447266,21.139999389648438,13.8100004196167,15.319999694824219,13.869999885559082,24.059999465942383,20.629995346069336,0.5690000057220459,28.540000915527344,33.0,247.86000061035156
04-07-21,177.97000122070312,9.850000381469727,8.90999984741211,4.050000190734863,670.969970703125,1.0,37.27000045776367,0.609499990940094,82.19999694824219,127.9000015258789,19.760000228881836,13.204999923706055,14.600000381469727,13.520000457763672,23.93000030517578,19.317502975463867,0.5049999952316284,28.309999465942383,32.79999923706055,249.89999389648438
04-08-21,170.25999450683594,9.789999961853027,9.4399995803833,4.059999942779541,683.7999877929688,1.0099999904632568,38.70000076293945,0.6233999729156494,83.3499984741211,130.36000061035156,19.770000457763672,13.40999984741211,14.149999618530273,13.100000381469727,23.649999618530273,19.41295623779297,0.5170000195503235,29.6299991607666,33.529998779296875,253.25
04-09-21,158.36000061035156,9.420000076293945,9.130000114440918,4.130000114440918,677.02001953125,1.0,38.119998931884766,0.6370000243186951,82.76000213623047,133.0,19.760000228881836,13.074999809265137,14.220000267028809,12.289999961853027,23.540000915527344,19.424888610839844,0.5080000162124634,30.030000686645508,34.0099983215332,255.85000610351562
04-12-21,141.08999633789062,8.619999885559082,9.029999732971191,4.070000171661377,701.97998046875,0.9300000071525574,37.13999938964844,0.5845000147819519,78.58000183105469,131.24000549316406,17.190000534057617,12.359999656677246,12.920000076293945,11.180000305175781,22.90999984741211,16.644790649414062,0.46000000834465027,29.5,34.13999938964844,255.91000366210938
04-13-21,140.99000549316406,8.84000015258789,9.100000381469727,4.130000114440918,762.3200073242188,0.9800000190734863,38.47999954223633,0.5662999749183655,80.19000244140625,134.42999267578125,18.31999969482422,13.0649995803833,12.90999984741211,11.640000343322754,22.559999465942383,17.71864891052246,0.4480000138282776,27.93000030517578,33.90999984741211,258.489990234375
04-14-21,166.52999877929688,9.350000381469727,9.0,4.130000114440918,732.22998046875,0.8999999761581421,37.02000045776367,0.5550000071525574,78.55000305175781,132.02999877929688,17.399999618530273,12.59000015258789,12.34000015258789,11.850000381469727,22.3700008392334,16.978879928588867,0.42800000309944153,24.520000457763672,33.5,255.58999633789062
04-15-21,156.44000244140625,9.899999618530273,8.770000457763672,4.130000114440918,738.8499755859375,0.8519999980926514,35.65999984741211,0.5149999856948853,83.01000213623047,134.5,16.940000534057617,11.649999618530273,11.350000381469727,11.119999885559082,22.1299991607666,16.215248107910156,0.45500001311302185,24.540000915527344,33.349998474121094,259.5
04-16-21,154.69000244140625,9.329999923706055,8.699999809265137,4.179999828338623,739.780029296875,0.847000002861023,36.09000015258789,0.47780001163482666,82.1500015258789,134.16000366210938,17.200000762939453,13.229999542236328,11.029999732971191,11.140000343322754,22.030000686645508,16.87149429321289,0.45100000500679016,25.520000457763672,35.540000915527344,260.739990234375
04-19-21,164.3699951171875,9.65999984741211,8.619999885559082,4.170000076293945,714.6300048828125,0.9399999976158142,36.779998779296875,0.5559999942779541,81.11000061035156,134.83999633789062,17.440000534057617,12.600000381469727,10.5,11.84000015258789,21.549999237060547,17.19365119934082,0.4880000054836273,25.09000015258789,34.630001068115234,258.739990234375
04-20-21,158.52999877929688,9.279999732971191,8.210000038146973,4.150000095367432,718.989990234375,0.8420000076293945,36.93000030517578,0.5180000066757202,79.2699966430664,133.11000061035156,15.890000343322754,12.270000457763672,10.390000343322754,9.350000381469727,20.3700008392334,15.678319931030273,0.44999998807907104,25.209999084472656,33.45000076293945,258.260009765625
04-21-21,158.50999450683594,9.779999732971191,8.65999984741211,4.210000038146973,744.1199951171875,0.8690000176429749,38.900001525878906,0.546999990940094,81.61000061035156,133.5,16.81999969482422,12.460000038146973,12.5,10.329999923706055,21.010000228881836,16.561269760131836,0.4779999852180481,26.420000076293945,34.58000183105469,260.5799865722656
04-22-21,151.1699981689453,9.989999771118164,8.640000343322754,4.159999847412109,719.6900024414062,0.8339999914169312,39.56999969482422,0.5440000295639038,79.05999755859375,131.94000244140625,16.459999084472656,12.675000190734863,13.140000343322754,10.079999923706055,20.06999969482422,16.298770904541016,0.48500001430511475,26.420000076293945,34.119998931884766,257.1700134277344
04-23-21,151.17999267578125,10.15999984741211,8.850000381469727,4.199999809265137,729.4000244140625,0.8349999785423279,41.08000183105469,0.5699999928474426,82.76000213623047,134.32000732421875,17.06999969482422,12.680000305175781,17.969999313354492,10.390000343322754,21.110000610351562,16.87149429321289,0.4819999933242798,26.520000457763672,35.779998779296875,261.1499938964844
04-26-21,168.92999267578125,11.5,9.09000015258789,4.199999809265137,738.2000122070312,0.8709999918937683,42.619998931884766,0.7360000014305115,85.41000366210938,134.72000122070312,17.850000381469727,13.229999542236328,26.440000534057617,11.1899995803833,22.040000915527344,17.6351261138916,0.5350000262260437,25.850000381469727,35.70000076293945,261.54998779296875
04-27-21,177.77000427246094,11.460000038146973,9.289999961853027,4.21999979019165,704.739990234375,0.8949999809265137,41.209999084472656,0.6599000096321106,85.20999908447266,134.38999938964844,17.719999313354492,13.0,20.15999984741211,11.4399995803833,21.760000228881836,17.503877639770508,0.5210000276565552,26.399999618530273,35.20000076293945,261.9700012207031
04-28-21,178.5800018310547,10.850000381469727,9.300000190734863,4.199999809265137,694.4000244140625,0.9399999976158142,41.189998626708984,0.6421999931335449,84.0199966430664,133.5800018310547,19.31999969482422,13.029999732971191,20.989999771118164,11.710000038146973,21.700000762939453,19.11466407775879,0.5270000100135803,26.209999084472656,35.06999969482422,254.55999755859375
04-29-21,176.19000244140625,10.199999809265137,9.0600004196167,4.670000076293945,677.0,0.8980000019073486,38.9900016784668,0.6299999952316284,83.91000366210938,133.47999572753906,18.649999618530273,12.609999656677246,18.0,11.34000015258789,21.299999237060547,18.434553146362305,0.5059999823570251,26.010000228881836,35.099998474121094,252.50999450683594
04-30-21,173.58999633789062,10.029999732971191,8.829999923706055,4.679999828338623,709.4400024414062,0.8640000224113464,39.84000015258789,0.7092999815940857,81.62000274658203,131.4600067138672,18.34000015258789,12.390000343322754,15.25,11.0,21.719999313354492,18.351032257080078,0.4970000088214874,25.31999969482422,34.08000183105469,252.17999267578125
05-03-21,162.1999969482422,9.710000038146973,8.609999656677246,4.909999847412109,684.9000244140625,0.828000009059906,39.540000915527344,0.6485999822616577,78.55000305175781,132.5399932861328,17.020000457763672,11.710000038146973,13.859999656677246,11.050000190734863,21.950000762939453,17.020000457763672,0.5,25.170000076293945,33.75,251.86000061035156
05-04-21,160.72999572753906,9.390000343322754,8.359999656677246,4.699999809265137,673.5999755859375,0.7900000214576721,37.93000030517578,0.593999981880188,78.61000061035156,127.8499984741211,16.100000381469727,11.199999809265137,15.399999618530273,10.800000190734863,21.420000076293945,16.100000381469727,0.47099998593330383,25.049999237060547,33.099998474121094,247.7899932861328
05-05-21,159.47999572753906,9.170000076293945,8.220000267028809,4.800000190734863,670.9400024414062,0.7799999713897705,37.709999084472656,0.5670999884605408,77.83000183105469,128.10000610351562,15.899999618530273,10.979999542236328,14.479999542236328,10.529999732971191,21.56999969482422,15.899999618530273,0.44999998807907104,24.389999389648438,31.40999984741211,246.47000122070312
05-06-21,161.00999450683594,9.0,8.149999618530273,4.869999885559082,663.5399780273438,0.7129999995231628,36.68000030517578,0.5264000296592712,77.88999938964844,129.74000549316406,14.149999618530273,9.609999656677246,14.0,9.789999961853027,21.489999771118164,14.149999618530273,0.41499999165534973,24.90999984741211,30.770000457763672,249.72999572753906
05-07-21,161.11000061035156,9.510000228881836,8.479999542236328,5.099999904632568,672.3699951171875,0.765999972820282,36.939998626708984,0.5404000282287598,78.80999755859375,130.2100067138672,16.18000030517578,9.640000343322754,14.100000381469727,8.819999694824219,22.0,16.18000030517578,0.4410000145435333,25.399999618530273,30.440000534057617,252.4600067138672
05-10-21,143.22000122070312,9.739999771118164,8.130000114440918,4.980000019073486,629.0399780273438,0.7319999933242798,34.33000183105469,0.520799994468689,75.98999786376953,126.8499984741211,15.039999961853027,8.199999809265137,13.859999656677246,8.779999732971191,22.0,15.039999961853027,0.4169999957084656,25.15999984741211,28.65999984741211,247.17999267578125
05-11-21,146.9199981689453,10.050000190734863,8.300000190734863,4.929999828338623,617.2000122070312,0.7400000095367432,34.869998931884766,0.5396000146865845,76.83000183105469,125.91000366210938,15.65999984741211,8.239999771118164,14.670000076293945,8.539999961853027,21.56999969482422,15.65999984741211,0.4180000126361847,25.010000228881836,31.229999542236328,246.22999572753906
05-12-21,144.7899932861328,10.319999694824219,7.949999809265137,4.710000038146973,589.8900146484375,0.703000009059906,33.68000030517578,0.5029000043869019,74.63999938964844,122.7699966430664,14.529999732971191,7.690000057220459,13.34000015258789,8.130000114440918,20.760000228881836,14.529999732971191,0.3919999897480011,23.65999984741211,30.489999771118164,239.0
05-13-21,164.5,12.770000457763672,7.940000057220459,4.75,571.6900024414062,0.6899999976158142,31.219999313354492,0.5956000089645386,73.08999633789062,124.97000122070312,13.680000305175781,7.480000019073486,12.479999542236328,7.869999885559082,21.209999084472656,13.680000305175781,0.38600000739097595,23.31999969482422,29.989999771118164,243.02999877929688
05-14-21,159.9199981689453,12.979999542236328,8.4399995803833,4.900000095367432,589.739990234375,0.7070000171661377,33.41999816894531,0.5669999718666077,74.58999633789062,127.44999694824219,13.930000305175781,8.100000381469727,14.039999961853027,8.25,22.399999618530273,13.930000305175781,0.39500001072883606,25.1200008392334,31.200000762939453,248.14999389648438
05-17-21,180.60000610351562,13.949999809265137,8.489999771118164,4.909999847412109,576.8300170898438,0.7549999952316284,33.810001373291016,0.5717999935150146,74.6500015258789,126.2699966430664,15.15999984741211,8.25,15.1899995803833,8.130000114440918,23.350000381469727,15.15999984741211,0.4440000057220459,25.200000762939453,32.02000045776367,245.17999267578125
05-18-21,180.6699981689453,14.029999732971191,8.770000457763672,4.980000019073486,577.8699951171875,0.7900000214576721,34.189998626708984,0.6000000238418579,74.44000244140625,124.8499984741211,15.579999923706055,9.0,15.079999923706055,8.029999732971191,23.559999465942383,15.579999923706055,0.45500001311302185,24.84000015258789,32.29999923706055,243.0800018310547
05-19-21,168.8300018310547,12.640000343322754,8.539999961853027,4.940000057220459,563.4600219726562,0.7279999852180481,33.459999084472656,0.550000011920929,76.2300033569336,124.69000244140625,15.020000457763672,8.989999771118164,13.979999542236328,7.869999885559082,22.969999313354492,15.020000457763672,0.4189999997615814,24.649999618530273,31.0,243.1199951171875
05-20-21,170.49000549316406,12.550000190734863,8.779999732971191,5.150000095367432,586.780029296875,0.7739999890327454,34.33000183105469,0.5428000092506409,78.05999755859375,127.30999755859375,14.9399995803833,8.579999923706055,14.34000015258789,7.639999866485596,22.600000381469727,14.9399995803833,0.4269999861717224,23.690000534057617,31.15999984741211,246.47999572753906
05-21-21,176.7899932861328,12.079999923706055,8.520000457763672,5.050000190734863,580.8800048828125,0.7549999952316284,34.060001373291016,0.527999997138977,77.16999816894531,125.43000030517578,15.229999542236328,8.460000038146973,13.869999885559082,7.730000019073486,22.56999969482422,15.229999542236328,0.42500001192092896,24.149999618530273,29.020000457763672,245.1699981689453
05-24-21,180.00999450683594,13.680000305175781,8.619999885559082,5.019999980926514,606.4400024414062,0.7179999947547913,35.88999938964844,0.5091999769210815,77.44000244140625,127.0999984741211,15.029999732971191,8.3100004196167,14.329999923706055,7.960000038146973,22.989999771118164,15.029999732971191,0.36399999260902405,23.75,28.899999618530273,250.77999877929688
05-25-21,209.42999267578125,16.40999984741211,8.59000015258789,5.0,604.6900024414062,0.7580000162124634,36.06999969482422,0.5446000099182129,77.86000061035156,126.9000015258789,15.460000038146973,8.140000343322754,15.630000114440918,7.630000114440918,23.209999084472656,15.460000038146973,0.37400001287460327,23.739999771118164,28.889999389648438,251.72000122070312
05-26-21,242.55999755859375,19.559999465942383,9.4399995803833,4.949999809265137,619.1300048828125,0.8569999933242798,37.7599983215332,0.5644000172615051,78.33999633789062,126.8499984741211,16.670000076293945,9.130000114440918,14.760000228881836,8.039999961853027,23.899999618530273,16.670000076293945,0.3720000088214874,26.5,28.780000686645508,251.49000549316406
05-27-21,254.1300048828125,26.520000457763672,9.970000267028809,5.070000171661377,630.8499755859375,0.8450000286102295,38.90999984741211,0.5740000009536743,78.41999816894531,125.27999877929688,17.170000076293945,9.619999885559082,15.829999923706055,8.09000015258789,24.43000030517578,17.170000076293945,0.35899999737739563,27.010000228881836,29.299999237060547,249.30999755859375
05-28-21,222.0,26.1200008392334,10.069999694824219,5.159999847412109,625.219970703125,0.9700000286102295,38.619998931884766,0.6190000176429749,80.08000183105469,124.61000061035156,16.670000076293945,9.369999885559082,15.600000381469727,7.920000076293945,24.239999771118164,16.670000076293945,3.049999952316284,27.989999771118164,28.520000457763672,249.67999267578125
06-01-21,249.02000427246094,32.040000915527344,11.5600004196167,5.190000057220459,623.9000244140625,1.0,42.34000015258789,0.6342999935150146,80.80999755859375,124.27999877929688,16.979999542236328,9.630000114440918,17.950000762939453,8.100000381469727,24.670000076293945,16.979999542236328,3.2799999713897705,27.260000228881836,28.110000610351562,247.39999389648438
06-02-21,282.239990234375,62.54999923706055,15.25,5.449999809265137,605.1199951171875,1.1299999952316284,41.15999984741211,0.8180000185966492,81.97000122070312,125.05999755859375,19.0,11.520000457763672,19.049999237060547,8.130000114440918,25.81999969482422,19.0,3.119999885559082,44.189998626708984,28.309999465942383,247.3000030517578
06-03-21,258.17999267578125,51.34000015258789,15.880000114440918,5.480000019073486,572.8400268554688,1.2899999618530273,40.900001525878906,0.8222000002861023,80.27999877929688,123.54000091552734,19.719999313354492,14.770000457763672,18.020000457763672,9.119999885559082,24.93000030517578,19.719999313354492,3.5299999713897705,31.899999618530273,27.40999984741211,245.7100067138672
06-04-21,248.36000061035156,47.90999984741211,13.859999656677246,5.480000019073486,599.0499877929688,1.090000033378601,41.939998626708984,0.6980000138282776,81.58000183105469,125.88999938964844,18.799999237060547,13.050000190734863,20.25,9.3100004196167,24.299999237060547,18.799999237060547,3.190000057220459,31.709999084472656,27.739999771118164,250.7899932861328
06-07-21,280.010009765625,55.0,15.770000457763672,5.610000133514404,605.1300048828125,1.159999966621399,43.68000030517578,0.800000011920929,81.3499984741211,125.9000015258789,19.719999313354492,13.9399995803833,22.329999923706055,10.359999656677246,24.25,19.719999313354492,3.309999942779541,33.97999954223633,29.0,253.80999755859375
06-08-21,300.0,55.04999923706055,15.800000190734863,5.579999923706055,603.5900268554688,1.159999966621399,43.560001373291016,0.7839000225067139,80.88999938964844,126.73999786376953,20.219999313354492,15.579999923706055,22.25,9.899999618530273,24.219999313354492,20.219999313354492,3.3499999046325684,36.83000183105469,29.049999237060547,252.57000732421875
06-09-21,302.55999755859375,49.34000015258789,15.15999984741211,5.489999771118164,598.780029296875,1.1399999856948853,42.7400016784668,0.7735999822616577,79.95999908447266,127.12999725341797,21.43000030517578,16.899999618530273,21.25,13.020000457763672,23.850000381469727,21.43000030517578,3.440000057220459,34.290000915527344,28.829999923706055,253.58999633789062
06-10-21,220.38999938964844,42.810001373291016,13.890000343322754,5.440000057220459,610.1199951171875,1.0299999713897705,42.7599983215332,0.7148000001907349,81.55999755859375,126.11000061035156,20.049999237060547,15.0600004196167,22.579999923706055,10.989999771118164,23.459999084472656,20.049999237060547,3.3499999046325684,31.530000686645508,28.209999084472656,257.239990234375
06-11-21,233.33999633789062,49.400001525878906,14.180000305175781,5.429999828338623,609.8900146484375,1.0499999523162842,45.68000030517578,0.746999979019165,81.30999755859375,127.3499984741211,19.889999389648438,15.529999732971191,21.600000381469727,10.800000190734863,23.530000686645508,19.889999389648438,3.450000047683716,31.90999984741211,28.860000610351562,257.8900146484375
06-14-21,229.44000244140625,57.0,14.050000190734863,5.449999809265137,617.6900024414062,1.059999942779541,46.54999923706055,0.7360000014305115,81.55000305175781,130.47999572753906,19.15999984741211,15.050000190734863,21.3700008392334,11.170000076293945,22.989999771118164,19.15999984741211,3.3399999141693115,30.15999984741211,27.93000030517578,259.8900146484375
06-15-21,222.5,59.040000915527344,13.989999771118164,5.289999961853027,599.3599853515625,1.0,45.150001525878906,0.7168999910354614,80.47000122070312,129.63999938964844,17.979999542236328,14.149999618530273,20.420000076293945,11.109999656677246,22.790000915527344,17.979999542236328,3.180000066757202,29.459999084472656,27.5,258.3599853515625
06-16-21,222.97000122070312,55.18000030517578,12.880000114440918,5.21999979019165,604.8699951171875,0.9900000095367432,45.02000045776367,0.6965000033378601,80.11000061035156,130.14999389648438,18.1299991607666,14.899999618530273,20.6299991607666,10.699999809265137,22.829999923706055,18.1299991607666,3.140000104904175,29.100000381469727,25.350000381469727,257.3800048828125
06-17-21,223.58999633789062,60.72999954223633,13.510000228881836,5.159999847412109,616.5999755859375,0.9599999785423279,47.36000061035156,0.6700000166893005,84.55999755859375,131.7899932861328,17.469999313354492,14.449999809265137,20.59000015258789,11.119999885559082,22.229999542236328,17.469999313354492,3.0799999237060547,29.350000381469727,26.0,260.8999938964844
06-18-21,213.82000732421875,59.2599983215332,12.899999618530273,5.099999904632568,623.3099975585938,0.9229999780654907,46.90999984741211,0.6693999767303467,84.6500015258789,130.4600067138672,16.90999984741211,14.869999885559082,18.84000015258789,11.779999732971191,22.290000915527344,16.90999984741211,2.940000057220459,27.3799991607666,25.989999771118164,259.42999267578125
